"","dist_to_all_rivers.na.mean","dist_to_roads.na.mean","srtm_elevation_500m.na.mean","srtm_slope_500m.na.mean","accessibility_map.na.mean","gpw_v3_density.2000.mean","wdpa_5km.na.sum","treecover2000.na.mean","latitude","longitude","udel_precip_v4_01_yearly_max.2002.mean","udel_precip_v4_01_yearly_min.2002.mean","udel_precip_v4_01_yearly_mean.2002.mean","udel_air_temp_v4_01_yearly_max.2002.mean","udel_air_temp_v4_01_yearly_min.2002.mean","udel_air_temp_v4_01_yearly_mean.2002.mean","v4composites_calibrated.2002.mean","ltdr_yearly_ndvi_mean.2002.mean","Region","GEF.replenishment.phase","cofinance.ratio","total.funding","GEF.funding","treatment","ltdr_yearly_ndvi_mean.2013.mean","propensity","ML.prop","transOutcome","transProp","tree.pred"
"447",2150.33374023438,4066.4404296875,4701.30198019802,9.74242687225342,1283.85514018692,3.16470217704773,0.25,0.0222650754836,-15,-72.83333,162.15,1.4,47.3416666666667,6.35,-0.25,3.55416666666667,0,1190.85717773,"LAC","GEF - 3",NA,NA,NA,1,1329.28979492,NA,0.01,132928.979492,0.01,-685.626810711666
"448",1972.24499511719,1753.98522949219,751.938902743142,9.63450050354004,224.415094339623,47.6994743347168,0,21.6146664198,13.66667,-87,201.5,3.5,66.6583333333333,26.95,23.75,25.2958333333333,0.410256410256,3025.53442383,"LAC","GEF - 3",0.903455610065814,43571004,4206536,1,2777.66552734,0.779296462181443,0.01,277766.552734,0.01,724.010502738154
"449",1402.75646972656,8010.4033203125,16.1858224363386,0.356168121099472,773.852631578947,3.48952865600586,0.25,60.8237399919,15.7444,-84.675,387.8,26.9,146.808333333333,29.5,26.8,28.2833333333333,0,2970.89819336,"LAC","GEF - 3",0.903455610065814,43571004,4206536,1,3018.06811523,0.149159290914259,0.01,301806.811523,0.01,1151.48680283667
"450",1140.18591308594,18843.71484375,186.272040302267,0.456759929656982,1004.33018867925,3.62543964385986,0.5,6.30701823693,11.41667,0.91667,215.3,0,66.0277777777778,33.2666666666667,26.1666666666667,29.0972222222222,0,2356.84082031,"AFR","GEF - 3",0.0835030549898167,4910000,4500000,1,2332.01733398,0.939717131912857,0.01,233201.733398,0.01,930.508244828917
"451",1631.1552734375,2804.33618164062,314.798875702686,0.3531853556633,235.122641509434,81.5217361450195,0,0.0566829634843,13.25,-1.08333,170.75,0,46.6625,33.9,23.85,29.0041666666667,0,1799.35656738,"AFR","GEF - 3",0.0835030549898167,4910000,4500000,1,1724.02929688,0.974732736955122,0.01,172402.929688,0.01,527.595814094364
"452",1758.37072753906,3404.39868164062,300.77729528536,0.449503302574158,322.547169811321,17.8652858734131,0.25,0.0148886311454,14.33333,-1.25,147.9,0,41.2,35.4,23.9,30.025,0,1403.29711914,"AFR","GEF - 3",0.0835030549898167,4910000,4500000,1,1316.11682129,0.964555501660827,0.01,131611.682129,0.01,527.595814094364
"453",1729.04211425781,2438.69018554688,310.667506297229,0.345689862966537,166.85141509434,125.529243469238,0,0.238762958471,12.2,-0.3,188.8,0,55.2833333333333,33.6,25.1,28.775,0.712589073634,1975.47167969,"AFR","GEF - 3",0.0835030549898167,4910000,4500000,1,1796.35620117,0.981997065491074,0.01,179635.620117,0.01,527.595814094364
"454",2253.20922851562,3671.45581054688,756.322997416021,0.766640603542328,279.205592105263,1.97434663772583,0,0.00213256352991,48.66667,73.5,60.35,1.25,23.5166666666667,19.1,-17.4,3.57916666666667,0,1988.38342285,"ECA","GEF - 3",0.456701030927835,9700000,5270000,1,1909.13049316,0.935362499377926,0.01,190913.049316,0.01,1792.67757474415
"473",1547.06628417969,1819.017578125,370.544548286604,2.79617094993591,166.966507177033,5.72118949890137,0,22.2875882587,-13.79599,-41.05002,284.9,0,57.9125,25.3,21.25,23.6291666666667,0.708920187793,2825.20214844,"LAC","GEF - 3",0.84804892156141,26324262,4e+06,1,2285.17919922,0.330881516430262,0.01,228517.919922,0.01,333.799950008571
"474",1462.98400878906,2541.6650390625,449.952501583281,2.75562810897827,216.289473684211,1.11288285255432,0,13.3527412254,-9.92088,-38.72629,198.6,0,38.7458333333333,26.35,21.25,24.2166666666667,0,2665.54785156,"LAC","GEF - 3",0.84804892156141,26324262,4e+06,1,2643.10253906,0.504366254880844,0.01,264310.253906,0.01,-48.1429833289724
"475",2463.72338867188,2305.52490234375,507.875159235669,1.4528272151947,159.143884892086,6.76487064361572,0,3.09206868951,-6.58896,-40.23948,336.35,0,51.0833333333333,27.65,23.9,25.6791666666667,0.391304347826,2455.62011719,"LAC","GEF - 3",0.84804892156141,26324262,4e+06,1,2304.81079102,0.553504297547713,0.01,230481.079102,0.01,1538.6727905285
"476",2591.75659179688,1587.908203125,495.698656429942,1.23203277587891,141.38199513382,24.1085643768311,0,0.79735551311,-6.25405,-40.60876,332.2,0,50.4666666666667,27.1,23.6,25.1333333333333,0.680487804878,2572.88134766,"LAC","GEF - 3",0.84804892156141,26324262,4e+06,1,2326.46435547,0.61160519804406,0.01,232646.435547,0.01,1538.6727905285
"477",1059.04333496094,2378.5419921875,363.01601537476,0.851754426956177,178.315403422983,27.1141490936279,0,3.03090769485,-5.58278,-40.74014,313.5,0,61.8833333333333,27.85,24.9,26.2375,1.66426858513,2735.5012207,"LAC","GEF - 3",0.84804892156141,26324262,4e+06,1,1651.48803711,0.603539485337455,0.01,165148.803711,0.01,1538.6727905285
"478",1331.77746582031,2923.67700195312,214.58882611425,1.64857697486877,128.237410071942,16.1617450714111,0,12.129287102,-12.62835,-39.68234,254.5,0,57.2833333333333,24.9,21,23.2166666666667,2.01187648456,2377.69848633,"LAC","GEF - 3",0.84804892156141,26324262,4e+06,1,2145.69238281,0.465903893912091,0.01,214569.238281,0.01,333.799950008571
"479",1989.5712890625,2477.8681640625,357.791933418694,0.80675733089447,121.478260869565,10.3994655609131,0,0.0660418403533,-5.47187,-40.32314,325.8,0,57.675,26.7,23.7,25.2041666666667,1.00485436893,2205.85400391,"LAC","GEF - 3",0.84804892156141,26324262,4e+06,1,1779.35803223,0.599918486526236,0.01,177935.803223,0.01,1538.6727905285
"480",1349.38049316406,3488.82983398438,504.867900446713,2.18008017539978,164.31175059952,19.4540100097656,0,1.98600583374,-5.88995,-40.72808,323.2,0,57.1416666666667,27.5,24.3,25.75,1.11622276029,2510.27270508,"LAC","GEF - 3",0.84804892156141,26324262,4e+06,1,1995.37854004,0.602077505882202,0.01,199537.854004,0.01,1538.6727905285
"481",1498.03125,4744.51904296875,436.649649010849,0.715429544448853,126.078048780488,18.7728462219238,0,0.0814623045893,-5.90848,-40.27279,331.5,0,54.4083333333333,26.8,23.6,25.2083333333333,1.29186602871,2318.26269531,"LAC","GEF - 3",0.84804892156141,26324262,4e+06,1,2067.28735352,0.579908838896956,0.01,206728.735352,0.01,1538.6727905285
"482",928.28515625,2330.58251953125,315.421153846154,0.744033992290497,144.919315403423,43.462890625,0,2.25532758088,-5.25084,-40.74335,303.8,0,66.625,28.2,25.5,26.725,1.4375,2624.58056641,"LAC","GEF - 3",0.84804892156141,26324262,4e+06,1,1995.93505859,0.636797682494244,0.01,199593.505859,0.01,1538.6727905285
"483",2474.97143554688,1732.6787109375,453.126034373011,0.928485751152039,140.266343825666,7.54989767074585,0,0.18572623752,-9.13458,-39.66849,252.3,0,38.6166666666667,28.1,24.1,26.175,0,1964.87719727,"LAC","GEF - 3",0.84804892156141,26324262,4e+06,1,1481.29516602,0.624477806355027,0.01,148129.516602,0.01,-48.1429833289724
"484",1953.4375,523.538757324219,1175.72604501608,0.470164656639099,105.542579075426,265.008209228516,0,15.4425581986,-0.159,34.981,285.5,44.8,132.195833333333,23.4,19.95,21.2625,0.288834951456,3343.94970703,"AFR","GEF - 3",0.517647058823529,8500000,4100000,1,2376.91821289,0.738737015840067,0.01,237691.821289,0.01,1792.67757474415
"485",1352.3642578125,5066.36083984375,1138.42581888247,0.291468143463135,173,305.890106201172,0,12.3241478979,0.057,33.95282,261.875,25.775,113.497916666667,24.975,22.05,23.0958333333333,0,2963.87890625,"AFR","GEF - 3",0.517647058823529,8500000,4100000,1,2979.52539062,0.738499175876617,0.01,297952.539062,0.01,1792.67757474415
"486",1611.99487304688,1384.13415527344,1174.92292870906,1.08130204677582,147.162621359223,295.490783691406,0,17.7953193962,-0.2867,34.85847,285.2,36.7,126.333333333333,25.4,22,23.1166666666667,1.29024390244,3237.31274414,"AFR","GEF - 3",0.517647058823529,8500000,4100000,1,2361.07055664,0.687494494685112,0.01,236107.055664,0.01,1792.67757474415
"487",1937.49829101562,1097.30676269531,1177.43397435897,1.07278954982758,234.709756097561,205.50798034668,0,24.9750730525,0.0478,34.15061,283.35,39.95,126.366666666667,25,21.9,22.975,0,3710.93457031,"AFR","GEF - 3",0.517647058823529,8500000,4100000,1,3233.97265625,0.615134565071929,0.01,323397.265625,0.01,1792.67757474415
"488",3391.92602539062,3957.58349609375,964.314285714286,6.95108652114868,273.583018867925,45.3260955810547,0.25,32.0711869453,40.75,21.41667,171.35,22.95,77.2375,20.85,-3.65,9.97916666666667,8.79096045198,2824.92358398,"ECA","GEF - 3",0.67621955994049,12771000,4135000,1,3283.01342773,0.59312409894846,0.01,328301.342773,0.01,1792.67757474415
"489",1665.51635742188,1699.33337402344,1074.67322834646,7.16874885559082,153.953007518797,12.266752243042,0.25,20.4602890202,40.75474,21.09679,164.8,23.9,76.2916666666667,17.6,-6.8,6.9,0.877589453861,2563.76977539,"ECA","GEF - 3",0.67621955994049,12771000,4135000,1,3011.52368164,0.8709719844553,0.01,301152.368164,0.01,1792.67757474415
"490",980.856018066406,1816.89294433594,875.500983284169,2.05506443977356,69.7199248120301,44.2411308288574,0.5,5.47356083328,40.91667,21,155.225,18.625,70.9541666666667,19.825,-2.675,9.625,1.13883677298,2068.24243164,"ECA","GEF - 3",0.67621955994049,12771000,4135000,1,2504.28466797,0.936976096653357,0.01,250428.466797,0.01,1792.67757474415
"495",1195.59753417969,4420.86279296875,980.9938537185,0.385354608297348,658.736596736597,1.09943091869354,0.5,9.36315676743,-17.7426098984081,23.3345694541919,141,0,38.8916666666667,27.5,18.4,24.5,0,2704.93408203,"AFR","GEF - 2",0.781066913351835,32430000,7100000,1,2684.63916016,0.999999957764161,0.01,268463.916016,0.01,1120.394360352
"496",3582.18237304688,5047.8125,949.625763125763,0.091145358979702,663.785219399538,3.82240033149719,0.5,7.15230811736,-18.2444661641588,23.6856169700605,155.4,0,39.1333333333333,27.5,18.1,24.2416666666667,0,2707.75854492,"AFR","GEF - 2",0.781066913351835,32430000,7100000,1,2829.3762207,0.999999956266109,0.01,282937.62207,0.01,1120.394360352
"497",1830.50085449219,2798.20068359375,1707.13102019679,1.40820145606995,77.2357563850688,42.3270301818848,0,0,37.10567,104.05523,87.8,0.966666666666667,22.875,21.0333333333333,-6.8,8.29444444444444,4.10059171598,1152.17382812,"Asia","GEF - 3",0.905905547092033,111590000,10500000,1,960.441040039,0.885573313361815,0.01,96044.1040039,0.01,961.601384781118
"498",7501.10888671875,10257.595703125,1983.18690176322,6.30185317993164,374.986486486487,6.89236831665039,0,0.000259039231111,39.12183,99.92495,47.35,0,13.25,22.95,-9.35,8.4125,0.0496183206107,1062.88696289,"Asia","GEF - 3",0.905905547092033,111590000,10500000,1,1102.54711914,0.86257608010138,0.01,110254.711914,0.01,-17.8424900649284
"499",1503.4072265625,6265.25146484375,1063.47455162385,1.29667103290558,186.847583643123,26.5364894866943,0,2.56445012694e-05,41.79214,83.45912,30.2,0,8.70833333333333,26,-6.15,12.1166666666667,9.87706422018,452.415283203,"Asia","GEF - 3",0.905905547092033,111590000,10500000,1,490.809906006,0.764633561275058,0.01,49080.9906006,0.01,961.601384781118
"500",1807.08471679688,5242.59814453125,2099.843866171,4.91962957382202,284.493951612903,156.939178466797,0,0.0160734510929,35.0371,104.38623,109.4,1.75,37.0541666666667,17.25,-5.95,6.13333333333333,0.581818181818,1577.68847656,"Asia","GEF - 3",0.905905547092033,111590000,10500000,1,1583.29577637,0.94167219250442,0.01,158329.577637,0.01,-17.8424900649284
"501",1539.7568359375,2952.72705078125,1012.59582036461,4.25459337234497,396.981196581197,2.68214106559753,0,0.200511800784,46.9922,89.52518,30.125,3.85,15.175,21.5,-18.85,3.3,2.99662162162,1534.53833008,"Asia","GEF - 3",0.905905547092033,111590000,10500000,1,1673.8503418,0.909755335401118,0.01,167385.03418,0.01,961.601384781118
"502",19574.318359375,183.035720825195,50.9043845747491,1.11125206947327,8.05988023952096,2620.46069335938,0,20.2515873971,38.89511,-77.03637,143.7,15.025,82.9729166666667,25.3,0.975,13.46875,60.4330097087,2528.76733398,"CEX","GEF - 2",NA,NA,NA,1,2486.25415039,NA,0.01,248625.415039,0.01,1085.36873372333
"503",1264.26245117188,4061.63330078125,617.171773444754,0.320338517427444,507.770318021201,12.3908596038818,0.25,0,44.50826,89.90112,44.5,3.55,16.4125,25.2,-13.8,7.50833333333333,0,816.971435547,"Asia","GEF - 3",0.905905547092033,111590000,10500000,1,800.705078125,0.89098727835353,0.01,80070.5078125,0.01,-17.8424900649284
"504",1966.93640136719,17694.47265625,1613.72813990461,3.27869558334351,571.075050709939,127.314323425293,0,1.18625611795,35.2054,106.60142,134.8,4.7,50.425,23.9,-2.5,11.8166666666667,4.26452905812,1860.55895996,"Asia","GEF - 3",0.905905547092033,111590000,10500000,1,1883.74353027,0.800472619403769,0.01,188374.353027,0.01,961.601384781118
"505",1130.51489257812,34467.2578125,512.549791570171,0.585471570491791,776.597147950089,19.3336296081543,0,0,44.50434,88.27515,62.95,4.25,21.1,25.5,-12.75,8.04166666666667,0,1098.48095703,"Asia","GEF - 3",0.905905547092033,111590000,10500000,1,1328.1373291,0.842029888055184,0.01,132813.73291,0.01,-17.8424900649284
"506",2878.16723632812,6888.58984375,2261.10190073918,6.07596874237061,452.997975708502,181.034622192383,0,0.00507294985745,35.52163,103.99071,110.85,0.7,31.0229166666667,19.525,-4.925,8.06041666666667,0.0813492063492,1261.04150391,"Asia","GEF - 3",0.905905547092033,111590000,10500000,1,1397.6027832,0.916059808066727,0.01,139760.27832,0.01,-17.8424900649284
"507",1318.904296875,3859.87915039062,1170.67242206235,1.53233683109283,198.540441176471,15.0358762741089,0,0.00398985457743,42.31639,86.38278,99.2,0,19.1083333333333,25.5,-10.1,10.75,2.28623188406,1334.26953125,"Asia","GEF - 3",0.905905547092033,111590000,10500000,1,1440.93981934,0.780406254073348,0.01,144093.981934,0.01,961.601384781118
"508",2910.83032226562,21708.59765625,1914.78749337573,5.46486043930054,820.547094188377,148.562423706055,0.25,8.28477769963,35.22678,106.49565,124.55,4.5,47.975,21.75,-4.35,9.79166666666667,0.6369168357,1815.36950684,"Asia","GEF - 3",0.905905547092033,111590000,10500000,1,1803.97131348,0.755861749474215,0.01,180397.131348,0.01,940.837727868333
"509",1409.71545410156,17458.48828125,2094.50774443369,4.93760395050049,648.988929889299,12.786732673645,0,0.0117483466912,42.03635,81.93527,33.425,1.55,13.8020833333333,19.275,-14.6,4.6125,0.550458715596,806.188049316,"Asia","GEF - 3",0.905905547092033,111590000,10500000,1,682.366882324,0.888143636118581,0.01,68236.6882324,0.01,-17.8424900649284
"510",1187.38061523438,2655.57592773438,1567.159375,4.1592869758606,167.988188976378,101.016807556152,0,0.0848986080676,36.49893,104.69634,96.7,1.5,24.2541666666667,22.35,-6.3,9.44583333333333,3.914,1231.1619873,"Asia","GEF - 3",0.905905547092033,111590000,10500000,1,1104.13842773,0.859230152689612,0.01,110413.842773,0.01,961.601384781118
"511",2402.11401367188,3533.38525390625,2509.46687697161,8.11713695526123,209.317365269461,158.024017333984,0,4.98431100007,35.49587,102.92077,95.775,0.525,34.6625,14.125,-10.175,3.01666666666667,0.856,1918.77026367,"Asia","GEF - 3",0.905905547092033,111590000,10500000,1,1777.22485352,0.924335480670382,0.01,177722.485352,0.01,940.837727868333
"512",1937.86840820312,7160.77001953125,1856.03047819233,5.03621673583984,443.530241935484,107.188972473145,0,1.19252525172e-05,35.88612,105.09062,90.5,1.7,32.125,18.6,-6.3,7.14166666666667,0.019801980198,1100.97045898,"Asia","GEF - 3",0.905905547092033,111590000,10500000,1,1271.4407959,0.913033539608508,0.01,127144.07959,0.01,-17.8424900649284
"513",2002.9912109375,14221.2958984375,1539.13972842751,6.9940390586853,403.797319932998,15.9449796676636,0,5.48272226121,47.96786,87.94006,30.625,3.2,17.1395833333333,18.1,-18.575,1.59791666666667,0,2436.13256836,"Asia","GEF - 3",0.905905547092033,111590000,10500000,1,2571.77368164,0.920444832414766,0.01,257177.368164,0.01,940.837727868333
"514",1712.37475585938,23601.21875,3734.46727089627,16.781400680542,1756.80842911877,2.28065991401672,0,0.0192724180794,39.05405,99.09189,44.5,0.1,14.4625,14.25,-17.2,-0.0416666666666665,0,1052.75378418,"Asia","GEF - 3",0.905905547092033,111590000,10500000,1,1151.73413086,0.873140592385988,0.01,115173.413086,0.01,-17.8424900649284
"515",1429.29736328125,6407.89501953125,694.38167587477,1.13611626625061,436.229681978799,39.0498809814453,0,0.206060363629,44.98,81.95,47.25,7.575,23.4041666666667,19.375,-15.575,3.57083333333333,1.34668989547,2015.60339355,"Asia","GEF - 3",0.905905547092033,111590000,10500000,1,2034.01806641,0.934345814383123,0.01,203401.806641,0.01,961.601384781118
"516",828.992126464844,2681.95263671875,425.044651162791,0.453289777040482,352.516754850088,13.2625179290771,0,0.358967429928,44.45731,84.22119,46.75,4.7,19.3708333333333,24.4,-14.2,6.80833333333333,1.70766488414,1881.7421875,"Asia","GEF - 3",0.905905547092033,111590000,10500000,1,2148.90454102,0.921751157859817,0.01,214890.454102,0.01,961.601384781118
"517",688.725463867188,5293.3798828125,387.999070199907,0.240489348769188,304.054867256637,218.553237915039,0,0.0118999646085,44.55134,85.01358,52.775,3.525,20.3979166666667,25,-13.9,7.17083333333333,1.76868327402,1601.96984863,"Asia","GEF - 3",0.905905547092033,111590000,10500000,1,2329.72949219,0.924528994744186,0.01,232972.949219,0.01,961.601384781118
"518",862.703674316406,4047.51635742188,435.750931098696,0.209554046392441,244.304964539007,16.7292594909668,0,0.145969851225,44.35746,86.37154,60.1,0,22.2916666666667,26,-14.1,7.7,1.85,1932.2611084,"Asia","GEF - 3",0.905905547092033,111590000,10500000,1,2227.85961914,0.914127720812295,0.01,222785.961914,0.01,961.601384781118
"519",2747.80688476562,3028.29467773438,1930.98829787234,4.97827386856079,221.717434869739,201.082550048828,0,0.37204984669,34.99319,106.27038,99.4,4.45,42.575,20.75,-4.95,8.98333333333333,1.24390243902,1807.57189941,"Asia","GEF - 3",0.905905547092033,111590000,10500000,1,1932.43615723,0.913591151488532,0.01,193243.615723,0.01,961.601384781118
"520",789.755737304688,3816.86083984375,767.328393881453,0.424264878034592,183.425688073394,4.83051204681396,0,0.00237708197419,42.83129,93.50138,27.2,0.15,6.07083333333333,28.45,-11.6,11.0791666666667,17.1666666667,1151.59301758,"Asia","GEF - 3",0.905905547092033,111590000,10500000,1,1261.57275391,0.563771359568729,0.01,126157.275391,0.01,961.601384781118
"521",1619.46459960938,1880.31848144531,1322.40603015075,0.659984469413757,85.0249042145594,160.045455932617,0,0.123942631542,39.47543,75.98968,28,0.8,10.74375,23.975,-7,10.7125,23.0133843212,1825.41870117,"Asia","GEF - 3",0.905905547092033,111590000,10500000,1,1775.79516602,0.624021035622115,0.01,177579.516602,0.01,961.601384781118
"522",1081.75170898438,8623.3408203125,571.626747437092,0.173019051551819,415.526501766784,15.6834697723389,0.5,0,44.2945,89.02968,47.45,1.05,15.6375,26.15,-14.7,7.575,0,1230.9465332,"Asia","GEF - 3",0.905905547092033,111590000,10500000,1,1463.6920166,0.87412739366196,0.01,146369.20166,0.01,-17.8424900649284
"523",1979.91882324219,2029.31823730469,1150.23390151515,4.94402933120728,260.990974729242,29.3164215087891,0.5,0.760164026482,43.30974,82.50379,77.65,14.35,34.6916666666667,21.1,-11.8,6.225,0.648550724638,2819.50878906,"Asia","GEF - 3",0.905905547092033,111590000,10500000,1,2463.89257812,0.924497621930932,0.01,246389.257812,0.01,940.837727868333
"524",1262.80627441406,2376.1103515625,1803.39640077821,4.47414398193359,145.772388059701,16.3909511566162,0,0.00475664672023,41.59257,80.46727,37.925,1.675,14.7875,18.45,-11,5.35208333333333,0,678.306091309,"Asia","GEF - 3",0.905905547092033,111590000,10500000,1,650.446777344,0.947422155148822,0.01,65044.6777344,0.01,-17.8424900649284
"525",1127.91369628906,2487.962890625,1447.55440158259,0.615561425685883,254.277673545966,4.4275369644165,0,0.000292561666223,40.64879,96.66479,22.4,0,7.60833333333333,23.7,-11.9,8.2,0,741.327148438,"Asia","GEF - 3",0.905905547092033,111590000,10500000,1,812.506896973,0.886070149294235,0.01,81250.6896973,0.01,-17.8424900649284
"526",1499.54260253906,2367.15502929688,2015.18272775145,4.15620899200439,125.431411530815,518.260437011719,0,0.0432187430177,35.58234,103.20548,97.8,0.65,34.6833333333333,15.4,-9.05,4.1625,7.40927419355,1669.6373291,"Asia","GEF - 3",0.905905547092033,111590000,10500000,1,1745.41931152,0.909022941091253,0.01,174541.931152,0.01,961.601384781118
"527",2476.55322265625,3633.22973632812,2556.58186157518,11.0577077865601,446.932727272727,16.449649810791,0.25,13.4374922353,42.89038,82.10257,70.8,12.2,33.4625,15.65,-16.35,1.175,0,2118.57739258,"Asia","GEF - 3",0.905905547092033,111590000,10500000,1,1959.09558105,0.905625010784609,0.01,195909.558105,0.01,940.837727868333
"528",1143.95373535156,23414.103515625,1563.96116504854,0.510597467422485,847.499025341131,152.141525268555,0,0,38.00857,103.12409,64.9,1.45,24.2625,21.25,-7.15,8.25416666666667,0,896.678405762,"Asia","GEF - 3",0.905905547092033,111590000,10500000,1,768.100708008,0.868566010052843,0.01,76810.0708008,0.01,-17.8424900649284
"529",1033.6982421875,9787.2734375,428.033906177427,0.192743971943855,475.7,20.6085472106934,0,0.00133838476981,44.40463,86.51681,61.9,0,22.4166666666667,26.325,-12.95,8.46875,1.65438596491,1578.9609375,"Asia","GEF - 3",0.905905547092033,111590000,10500000,1,1967.31628418,0.889588879760135,0.01,196731.628418,0.01,961.601384781118
"530",2138.94775390625,6082.4765625,1063.11385658915,0.572960793972015,157.240740740741,19.1879348754883,0,0.00919037919922,41.85256,86.88213,62.8,0,12.4916666666667,25.5,-11.9,10.0333333333333,0,497.01348877,"Asia","GEF - 3",0.905905547092033,111590000,10500000,1,528.423095703,0.794636130331074,0.01,52842.3095703,0.01,-17.8424900649284
"531",869.785400390625,12182.8955078125,3.5885741718675,1.53328132629395,540.823853211009,18.1388816833496,0,0,42.59285,89.24044,17,0,3.3625,31.85,-8.9,13.6458333333333,0,466.814727783,"Asia","GEF - 3",0.905905547092033,111590000,10500000,1,534.323791504,0.825424253827431,0.01,53432.3791504,0.01,-17.8424900649284
"532",2582.91162109375,4793.5341796875,1980.20621181263,3.07095122337341,161.912790697674,38.2293434143066,0,0.0017285301905,38.27551,102.02752,62.85,2.05,21.0666666666667,17.75,-9.25,5.35833333333333,3.41472868217,1199.66381836,"Asia","GEF - 3",0.905905547092033,111590000,10500000,1,1061.9440918,0.912689255599256,0.01,106194.40918,0.01,961.601384781118
"533",4390.56494140625,5686.57763671875,2470.65447800742,6.24111604690552,418.058823529412,163.129928588867,0,4.91885832215,35.23067,103.59208,109.9,0,32.6083333333333,19.9,-3.1,8.95,0.0836653386454,1873.1138916,"Asia","GEF - 3",0.905905547092033,111590000,10500000,1,1694.4621582,0.90774827013804,0.01,169446.21582,0.01,940.837727868333
"534",1591.72229003906,4924.61279296875,1539.95754475703,0.402225732803345,193.600389863548,152.141510009766,0,0.0214090671418,37.90447,102.7768,60,1.65,21.1875,21.65,-6,8.91666666666667,5.05458089669,1469.27087402,"Asia","GEF - 3",0.905905547092033,111590000,10500000,1,1232.28564453,0.892825187473909,0.01,123228.564453,0.01,961.601384781118
"536",1801.01196289062,4205.71923828125,268.64047029703,0.380018979310989,778.668224299065,0.250789731740952,0.25,0,15.72419,18.2836,38.2,0,3.575,34.6,20.7,29.325,0,905.178955078,"AFR","GEF - 3",0.936115843270869,93920000,6e+06,1,1048.2454834,0.283193373411319,0.01,104824.54834,0.01,-465.468279155714
"537",1546.23474121094,3241.43090820312,336.010126582278,0.140887677669525,399.387019230769,16.8867492675781,0,7.8978119013,10.57861,16.76788,202.2,0,48.8541666666667,33.9,23.1,28.2833333333333,0,2792.45141602,"AFR","GEF - 3",0.936115843270869,93920000,6e+06,1,2536.9309082,0.456266967066223,0.01,253693.09082,0.01,1027.25559895867
"538",2809.07641601562,7238.666015625,878.021197007481,0.907282114028931,423.090692124105,7.33806848526001,0,0.00845586664324,13.66237,21.91554,185.35,0,40.2666666666667,30.75,19,26.1875,0,2161.72436523,"AFR","GEF - 3",0.936115843270869,93920000,6e+06,1,1965.02990723,0.331030467562396,0.01,196502.990723,0.01,1027.25559895867
"539",3291.58959960938,2273.05395507812,470.087619047619,0.630750775337219,91.495145631068,56.9488906860352,0,9.65559093246,8.70502,15.98303,261.1,0,70.0458333333333,32.15,23.15,27.6333333333333,0,2897.02685547,"AFR","GEF - 3",0.936115843270869,93920000,6e+06,1,2500.73486328,0.408323444824834,0.01,250073.486328,0.01,1085.36873372333
"540",3526.09838867188,7759.58740234375,483.273186119874,1.88702285289764,581.932692307692,5.23780012130737,0,9.56480138128,10.93677,18.6171,170.35,0,36.7166666666667,33.35,23.45,28.1291666666667,0,2766.41650391,"AFR","GEF - 3",0.936115843270869,93920000,6e+06,1,2569.12133789,0.388954964635301,0.01,256912.133789,0.01,1027.25559895867
"541",2388.837890625,1774.177734375,270.397965670693,0.80179888010025,316.929951690821,46.0027389526367,0,3.57481850688,9.6168,14.1659,181.7,0,61.5583333333333,33.3,24.1,28.4666666666667,0.457142857143,2491.86401367,"AFR","GEF - 3",0.936115843270869,93920000,6e+06,1,2273.85058594,0.559355928023998,0.01,227385.058594,0.01,1027.25559895867
"542",2166.18920898438,4457.41064453125,499.414800995025,0.791067123413086,182.259433962264,7.33806896209717,0,0,14.18333,20.7,135.1,0,26.3916666666667,33.6,22.4,29.0333333333333,0,1683.64294434,"AFR","GEF - 3",0.936115843270869,93920000,6e+06,1,1609.76672363,0.399314289730867,0.01,160976.672363,0.01,1085.36873372333
"543",1757.04150390625,1779.81494140625,157.478371501272,0.824301660060883,131.775362318841,40.9126396179199,0,13.6545684555,7.87454079171518,2.1019280664061,224.3,0,92.9666666666667,29.4,24.8,27.0666666666667,0.235011990408,2455.26855469,"AFR","GEF - 2",0.731543624161074,22350000,6e+06,1,2682.64526367,0.99999999446967,0.01,268264.526367,0.01,1085.36873372333
"544",2167.63696289062,9951.8623046875,3760.25165226233,23.6907138824463,1720.91714836224,7.31482458114624,0,0.0197289339106,38.41838,71.7627,74.35,3.25,41.4125,10.25,-17,-2.53333333333333,0,627.63482666,"ECA","GEF - 3",0.747191011235955,17800000,4500000,1,616.74432373,0.884483975372406,0.01,61674.432373,0.01,64.0604349786668
"545",1859.0693359375,5790.09619140625,3351.21593186373,20.7134113311768,555.517441860465,21.0597457885742,0,0.0978613927509,39.4,69.8,101.1,4.15,43.2041666666667,16.95,-8.25,5.47916666666667,0,770.389038086,"ECA","GEF - 3",0.747191011235955,17800000,4500000,1,876.924987793,0.890366599910719,0.01,87692.4987793,0.01,64.0604349786668
"546",2055.90795898438,2737.109375,2740.89846938776,22.6781616210938,664.857421875,7.51973962783813,0,0.00559840948146,38.29595,71.33316,44.9,0,22.2583333333333,14.7,-15.1,0.775,0,896.24029541,"ECA","GEF - 3",0.747191011235955,17800000,4500000,1,859.465515137,0.910562774051808,0.01,85946.5515137,0.01,64.0604349786668
"547",2308.58129882812,3268.06909179688,1781.55684689237,13.3730869293213,296.126195028681,11.9088716506958,0,1.27396320322,38.87272,70.08629,158.55,2.4,78.0375,19.6,-5.5,7.12916666666667,0.660886319846,2550.92504883,"ECA","GEF - 3",0.747191011235955,17800000,4500000,1,2698.73828125,0.932497778802787,0.01,269873.828125,0.01,267.799783989929
"548",2295.7568359375,7390.7919921875,2960.68158953722,20.0851268768311,746.671785028791,18.2957534790039,0,0.461261110498,39.23491,70.35998,109,6.1,55.1416666666667,21.7,-2.8,9.81666666666667,0,1586.29528809,"ECA","GEF - 3",0.747191011235955,17800000,4500000,1,1860.84680176,0.906970251559146,0.01,186084.680176,0.01,267.799783989929
"549",1978.28405761719,2409.25366210938,1665.29108216433,10.2439632415771,300.194230769231,40.4491500854492,0,0.181676343696,39.37452,67.79159,141.3,4.7,54.4,17.3,-7.3,6.15833333333333,3.35028248588,1581.02697754,"ECA","GEF - 3",0.747191011235955,17800000,4500000,1,1589.43945312,0.851420607093704,0.01,158943.945312,0.01,64.0604349786668
"550",1103.10144042969,3284.9541015625,2188.86582914573,16.4791965484619,429.403100775194,18.2957496643066,0,0.399224894693,39.2,70.8,110.2,3.8,59.4333333333333,21.6,-2.7,9.50833333333333,0.95856873823,2379.54467773,"ECA","GEF - 3",0.747191011235955,17800000,4500000,1,2636.88623047,0.934837449861731,0.01,263688.623047,0.01,267.799783989929
"551",1806.40063476562,5587.9267578125,584.638418079096,2.97791624069214,194.978388998035,82.7745132446289,0,0.127120241419,37.6516,69.34133,101.6,0,46.9666666666667,28.3,1.8,16.875,2.38058252427,1841.39086914,"ECA","GEF - 3",0.747191011235955,17800000,4500000,1,2295.3684082,0.742845189740216,0.01,229536.84082,0.01,267.799783989929
"552",2342.85424804688,3545.30200195312,786.0747185261,2.78338670730591,136.21511627907,43.3781433105469,0,0.0185279996909,38.08511,69.26995,148.65,0.55,64.2458333333333,25.95,0.45,14.45,4.22265625,2003.35266113,"ECA","GEF - 3",0.747191011235955,17800000,4500000,1,2376.53295898,0.787116243376773,0.01,237653.295898,0.01,267.799783989929
"553",1415.17639160156,5216.7783203125,349.712752525253,0.898286700248718,346.892601431981,22.7217044830322,0,14.1514579949,10.30672,2.60413,333.5,0,98.75,30.4,25.2,27.2083333333333,0.0841346153846,2926.93701172,"AFR","GEF - 2",0.731543624161074,22350000,6e+06,1,2612.64453125,0.999999992957674,0.01,261264.453125,0.01,1027.25559895867
"554",2358.11108398438,2194.61083984375,2288.15492957746,19.6533374786377,204.146718146718,12.4408674240112,0.25,1.32525046639,39.38251,68.55168,123.5,4.95,54.1041666666667,11.15,-13.65,-0.408333333333333,0.647619047619,1171.08984375,"ECA","GEF - 3",0.747191011235955,17800000,4500000,1,1196.28442383,0.908952304278784,0.01,119628.442383,0.01,64.0604349786668
"555",2891.44140625,4764.89111328125,2938.65423387097,20.540901184082,402.230038022814,12.4408674240112,0.25,1.52038185214,39.29536,68.78884,124.4,6.3,57.2916666666667,6.4,-18.4,-5.38333333333333,0,1150.93029785,"ECA","GEF - 3",0.747191011235955,17800000,4500000,1,1185.80895996,0.93148542330272,0.01,118580.895996,0.01,64.0604349786668
"557",2757.794921875,2147.32299804688,371.652256834075,0.820816159248352,136.318289786223,14.9694633483887,0,12.8626180168,9.79575,2.68017,363.6,0,93.5916666666667,29,24.4,26.4916666666667,0.0433734939759,2858.24414062,"AFR","GEF - 2",0.731543624161074,22350000,6e+06,1,2850.36401367,0.999999990956838,0.01,285036.401367,0.01,1085.36873372333
"558",NA,NA,NA,NA,NA,NA,0,0,0,0,NA,NA,NA,NA,NA,NA,0,439.042755127,"CEX","GEF - 3",0.0413353475323296,6023900,5774900,1,540.616577148,NA,0.01,54061.6577148,0.01,527.595814094364
"559",1896.73352050781,3837.38696289062,142.296178343949,0.87679660320282,244.686746987952,45.6105117797852,0,15.6366234332,7.71723139996163,2.34150634765629,224.3,0,92.9666666666667,29.4,24.8,27.0666666666667,0,2342.67114258,"AFR","GEF - 2",0.731543624161074,22350000,6e+06,1,2528.44628906,0.999999993287618,0.01,252844.628906,0.01,1027.25559895867
"560",1573.54162597656,7692.78564453125,128.191054313099,0.775953710079193,220.273170731707,29.3305473327637,0.25,16.9014845163,7.88338291695701,2.43701107421848,224.85,0,94.425,29.4,24.75,27.0166666666667,0,2327.62988281,"AFR","GEF - 2",0.731543624161074,22350000,6e+06,1,2637.21923828,0.999999991580015,0.01,263721.923828,0.01,1027.25559895867
"561",2101.39086914062,2064.37768554688,689.461720226843,10.4076642990112,114.18115942029,92.043212890625,0,32.6261965266,43.44,17.85,217.95,31.95,115.883333333333,22.3,0,11.9791666666667,9.43493761141,2601.06542969,"ECA","GEF - 3",0.621749408983452,21150000,8e+06,1,2972.05761719,0.731208045218437,0.01,297205.761719,0.01,1568.79319893714
"562",1696.21154785156,1568.85314941406,718.220491029273,13.8133172988892,137.153707052441,92.043212890625,0,60.232424593,43.69206,17.73219,280.5,47.5,140.65,19.3,-2.9,9.25833333333333,2.6862745098,2662.54541016,"ECA","GEF - 3",0.621749408983452,21150000,8e+06,1,2994.33398438,0.515674007026722,0.01,299433.398438,0.01,1568.79319893714
"563",2393.09814453125,1834.04699707031,502.609528257823,6.35650873184204,126.196078431373,16.8741626739502,0.25,19.1105397688,44.2263782589547,15.81766350098,179.9,19.5,98.35,19.4,-1.4,9.93333333333333,1.20567375887,3090.6628418,"ECA","GEF - 3",0.621749408983452,21150000,8e+06,1,3687.46557617,0.916231550642299,0.01,368746.557617,0.01,1568.79319893714
"564",1822.23901367188,1806.5927734375,318.041290934979,5.08044910430908,72.3243727598566,90.7436599731445,0,9.05194484329,43.24422,17.85261,155.4,16.4,91.1166666666667,25.3,2.9,14.7,13.8633879781,3055.92944336,"ECA","GEF - 3",0.621749408983452,21150000,8e+06,1,3531.41577148,0.881429012539289,0.01,353141.577148,0.01,1568.79319893714
"565",3004.95068359375,4122.5,147.247455470738,0.742627620697021,253.557416267943,34.384895324707,0,15.7606137501,7.431,1.938,281.2,0,105.227777777778,29.3666666666667,25.1333333333333,27.2111111111111,0,2383.72973633,"AFR","GEF - 2",0.731543624161074,22350000,6e+06,1,2593.86401367,0.99999999139326,0.01,259386.401367,0.01,1027.25559895867
"566",5202.58935546875,71993.8984375,349.900436681223,6.34802961349487,214.650684931507,201.910507202148,0,6.50158285601,42.66778,18.07833,305,60.6,148.741666666667,23.3,3.6,13.4166666666667,11.6983546618,2095.48339844,"ECA","GEF - 3",0.621749408983452,21150000,8e+06,1,2627.26342773,0.729306209297179,0.01,262726.342773,0.01,1568.79319893714
"567",2764.89721679688,3613.96899414062,317.346861128725,0.881413698196411,183.394230769231,13.0696392059326,0,18.0507776022,8.83973,2.61865,263.9,0,90.4583333333333,29.6,24.7,26.975,0,2563.18847656,"AFR","GEF - 2",0.731543624161074,22350000,6e+06,1,2648.15917969,0.99999999161174,0.01,264815.917969,0.01,1085.36873372333
"568",2313.36083984375,6745.68017578125,294.126108998733,0.926677525043488,300.625592417062,21.920955657959,0.25,22.6837919854,8.63888,2.68819,263.9,0,90.4583333333333,29.6,24.7,26.975,0,2438.50512695,"AFR","GEF - 2",0.731543624161074,22350000,6e+06,1,2427.36254883,0.999999986395282,0.01,242736.254883,0.01,1027.25559895867
"569",1324.97021484375,2823.92578125,958.896195652174,4.20368766784668,46.186974789916,42.5682411193848,0,1.01455391719,32.93333,-5.66667,163.4,5.9,54.2416666666667,27.05,10.35,17.3833333333333,4.73415132924,2288.33520508,"AFR","GEF - 3",NA,NA,NA,1,2645.37158203,NA,0.01,264537.158203,0.01,267.799783989929
"570",1307.65869140625,2621.62573242188,176.306096794469,0.381026953458786,340.174940898345,46.5052909851074,0,1.38759589876,11.92735,3.26371,240.85,0,69.95,34.4,25.1,29.1125,0,2353.16577148,"AFR","GEF - 2",0.731543624161074,22350000,6e+06,1,2006.05895996,0.999999996930938,0.01,200605.895996,0.01,1027.25559895867
"571",2510.07958984375,2405.56982421875,462.063762626263,1.76609814167023,131.122302158273,22.1028289794922,0,10.7258920077,10.3601,1.68275,262.2,0,80.95,30.9,25.2,27.5333333333333,0,2778.07275391,"AFR","GEF - 2",0.731543624161074,22350000,6e+06,1,2432.53759766,0.999999995457593,0.01,243253.759766,0.01,1085.36873372333
"572",69897.859375,195.530731201172,20.9122712594187,0.956102132797241,20.6569646569647,13506.333984375,0.75,3.62872235909,40.74955,-73.96792,167.5,14.8,91.7958333333333,25.4,1.6,12.8041666666667,60.979245283,1299.53137207,"CEX","GEF - 3",0.341045986291001,2858852,1883852,1,1216.85437012,0.928090219814521,0.01,121685.437012,0.01,1792.67757474415
"574",1262.52270507812,558.905517578125,2469.03532434168,2.75954413414001,203.830097087379,142.249694824219,0.25,22.6867187252,-0.52734,36.51855,246.2,38.775,118.1,18.3,14.575,16.1729166666667,0,2316.36376953,"AFR","GEF - 3",NA,NA,NA,1,2386.03442383,NA,0.01,238603.442383,0.01,96.9762787714326
"575",1951.20324707031,31433.591796875,575.063788659794,2.34363293647766,2336.22222222222,8.63317775726318,0,99.0873303212,-2.02107,24.69727,237.5,46.9,139.6375,25.25,23.65,24.5541666666667,0,2786.61254883,"AFR","GEF - 3",NA,NA,NA,1,2766.81323242,NA,0.01,276681.323242,0.01,267.799783989929
"576",1603.31311035156,4357.490234375,303.204287515763,0.672337651252747,352.635933806147,18.0446681976318,0.25,12.5756776096,10.53569,3.24577,304.6,0,94.1958333333333,31.65,25.05,27.7041666666667,0,2808.69116211,"AFR","GEF - 2",0.731543624161074,22350000,6e+06,1,2585.77758789,0.999999993224967,0.01,258577.758789,0.01,1027.25559895867
"577",1402.70178222656,1641.29504394531,1034.12931034483,0.300399363040924,286.559652928416,0.186042204499245,0,0,-27.11781,22.28027,78.7,0.7,28.6666666666667,27.9,9.1,21.0666666666667,0,1994.98144531,"AFR","GEF - 3",NA,NA,NA,1,1540.46582031,NA,0.01,154046.582031,0.01,267.799783989929
"578",1433.45153808594,18336.40625,343.963023382273,0.936675429344177,437.814432989691,5.01829433441162,0,0,32.95337,9.97559,39.75,3.175,19.1270833333333,30.5,10.8,21.4020833333333,0,1070.8572998,"AFR","GEF - 3",NA,NA,NA,1,1148.76171875,NA,0.01,114876.171875,0.01,267.799783989929
"579",2139.19262695312,114830.9296875,314.049511002445,0.389402508735657,3343.99531615925,0.155324354767799,0,0,18.31281,-4.83398,35.1,0,4.225,36.7,20.1,29.2833333333333,0,730.040039062,"AFR","GEF - 3",NA,NA,NA,1,812.681762695,NA,0.01,81268.1762695,0.01,267.799783989929
"580",1254.37817382812,3314.27368164062,381.375711574953,0.83203649520874,169.407228915663,20.1295852661133,0,13.2725763437,10.32847,1.85892,262.2,0,80.95,30.9,25.2,27.5333333333333,0,2802.50097656,"AFR","GEF - 2",0.731543624161074,22350000,6e+06,1,2436.12011719,0.999999994931825,0.01,243612.011719,0.01,1085.36873372333
"581",1812.52673339844,3186.69702148438,783.037827352085,10.3043184280396,237.357407407407,65.1658554077148,0,19.8056331548,42,20.33333,166.4,33.55,91.25,22.5,-0.05,12.1666666666667,1.13443830571,2648.56835938,"ECA","GEF - 3",0.742268041237113,19400000,5e+06,1,3289.2512207,0.870228894306062,0.01,328925.12207,0.01,2524.1535873385
"582",2030.14965820312,5164.6494140625,160.098915124442,1.13866519927979,342.702179176755,38.9399833679199,0,17.5204418231,7.62552427027798,2.59905941406253,225.4,0,95.8833333333333,29.4,24.7,26.9666666666667,0,2278.67504883,"AFR","GEF - 2",0.731543624161074,22350000,6e+06,1,2526.51953125,0.999999992335797,0.01,252651.953125,0.01,1027.25559895867
"583",2142.87109375,24661.32421875,167.11963190184,5.37835836410522,85.6937984496124,123.982124328613,0,14.0460530533,41.8,19.66667,180.7,30.6,97.25,24.1,4,14.5833333333333,6.3172541744,3200.44311523,"ECA","GEF - 3",0.742268041237113,19400000,5e+06,1,3762.57983398,0.8286766944398,0.01,376257.983398,0.01,2524.1535873385
"584",1809.71350097656,7061.09521484375,269.504100946372,1.18290150165558,460.820574162679,19.4431591033936,0.25,12.2103828673,11.04992,3.23636,276.5,0,87.3541666666667,33.15,25,28.4333333333333,0,2873.12963867,"AFR","GEF - 2",0.731543624161074,22350000,6e+06,1,2533.57714844,0.999999993053061,0.01,253357.714844,0.01,1027.25559895867
"585",19574.318359375,183.035720825195,50.9043845747491,1.11125206947327,8.05988023952096,2620.46069335938,0,20.2515873971,38.89511,-77.03637,143.7,15.025,82.9729166666667,25.3,0.975,13.46875,60.4330097087,2528.76733398,"CEX","GEF - 3",0.0222498706623259,12134902,11864902,1,2486.25415039,0.792261422369205,0.01,248625.415039,0.01,1112.00743175848
"587",1325.24438476562,2584.17749023438,93.3299363057325,0.775335729122162,128.825358851675,41.5239105224609,0,16.199466495,7.54793191884476,2.10536129394531,278.55,0,103.5375,29.6,25.15,27.3291666666667,0,2494.02148438,"AFR","GEF - 2",0.731543624161074,22350000,6e+06,1,2871.49902344,0.999999992571399,0.01,287149.902344,0.01,1085.36873372333
"588",1959.51220703125,9670.9501953125,254.260541220894,0.655638337135315,708.949519230769,25.9518814086914,0.25,9.16047860908,11.50533,3.23291,265.2,0,82.4666666666667,33.9,24.95,28.85,0,2759.47827148,"AFR","GEF - 2",0.731543624161074,22350000,6e+06,1,2198.83105469,0.99999999271453,0.01,219883.105469,0.01,1027.25559895867
"589",1601.69946289062,11230.8447265625,285.91156032849,0.499324142932892,550.149643705463,12.8075304031372,0.25,12.4294379025,10.77835,2.41402,291.25,0,89.4083333333333,31.95,25.55,28,0,2725.2043457,"AFR","GEF - 2",0.731543624161074,22350000,6e+06,1,2363.15112305,0.999999992374377,0.01,236315.112305,0.01,1027.25559895867
"590",5511.65283203125,946459.9375,139.448305084746,5.66450595855713,222.522875816993,97.2048263549805,0.25,61.8080819256,10,118.75,294.9,6.9,103.616666666667,29,26.7,27.725,0.275779376499,2132.22973633,"Asia","GEF - 4",NA,NA,NA,1,1930.38232422,NA,0.01,193038.232422,0.01,267.799783989929
"591",3250.75732421875,731186.1875,328.831873905429,9.90351486206055,671.344370860927,96.9143676757812,0.5,67.2902589176,10.19237,118.92717,289.8,9.2,114.733333333333,28.9,26.7,27.7583333333333,0,2308.34790039,"Asia","GEF - 4",NA,NA,NA,1,2287.01049805,NA,0.01,228701.049805,0.01,267.799783989929
"592",3051.42431640625,521868.9375,311.907013396375,9.50158786773682,662.596439169139,96.9407730102539,0.25,75.3004132241,10.1667140721776,118.916719282229,289.8,9.2,114.733333333333,28.9,26.7,27.7583333333333,0,2337.43505859,"Asia","GEF - 4",NA,NA,NA,1,2290.2644043,NA,0.01,229026.44043,0.01,267.799783989929
"593",2295.7568359375,7390.7919921875,2960.68158953722,20.0851268768311,746.671785028791,18.2957534790039,0,0.461261110498,39.23491,70.35998,109,6.1,55.1416666666667,21.7,-2.8,9.81666666666667,0,1586.29528809,"ECA","GEF - 4",0.525,4e+06,1900000,1,1860.84680176,0.660663217821707,0.01,186084.680176,0.01,1792.67757474415
"594",1735.27758789062,1800.59338378906,1152.02443729904,0.500877320766449,232.448780487805,283.136871337891,0,33.071015494,0.03731,34.06772,261.875,25.775,113.497916666667,24.975,22.05,23.0958333333333,0,3587.6652832,"AFR","GEF - 4",NA,NA,NA,1,3303.57983398,NA,0.01,330357.983398,0.01,487.385742183636
"595",1190.88586425781,1782.04296875,1563.06841432225,1.30632877349854,82.4735576923077,90.4302291870117,0,1.49729364336,-1.4563,36.97826,285.85,2.075,88.1104166666667,20.45,16.9,18.9229166666667,9.02433090024,2167.43237305,"AFR","GEF - 4",NA,NA,NA,1,1821.00866699,NA,0.01,182100.866699,0.01,267.799783989929
"596",2080.10913085938,4108.2685546875,1553.79679487179,1.79761755466461,642.924757281553,35.9678611755371,0.5,13.0008151133,-1.41667,34.91667,228.833333333333,7.13333333333333,109.008333333333,21.5666666666667,18.7666666666667,19.8777777777778,0,3016.37011719,"AFR","GEF - 4",NA,NA,NA,1,2937.06860352,NA,0.01,293706.860352,0.01,884.536567461758
"597",1602.10900878906,2059.66650390625,946.544630071599,2.5589816570282,18.2536231884058,1527.35876464844,0,3.03810471406,42.81985,74.59398,139.2,14.3,50.875,19.8,-8.3,7.15833333333333,32.1131386861,2640.96655273,"ECA","GEF - 4",NA,NA,NA,1,2604.44848633,NA,0.01,260444.848633,0.01,1112.00743175848
"598",1124.90100097656,1773.40979003906,457.493268053856,3.80129623413086,124.699300699301,34.608959197998,0.25,11.2795832144,18.36341,-100.30976,253.9,0,94.4916666666667,29.7,23.9,25.6666666666667,6.57931034483,3943.37011719,"LAC","GEF - 2",0.801337572053759,77015066,15300000,1,3109.14355469,0.999999999311212,0.01,310914.355469,0.01,1112.00743175848
"601",2082066.625,7494.5625,68.8474358974359,2.3020179271698,1734.57894736842,12.956579208374,0,41.4596331786,7.503,134.621,NA,NA,NA,NA,NA,NA,0.688405797101,1467.18835449,"CEX","GEF - 4",NA,NA,NA,1,1224.35705566,NA,0.01,122435.705566,0.01,267.799783989929
"605",2329.97045898438,875.9287109375,1079.90375,6.3568115234375,82.8962264150943,83.5976257324219,0,50.8026358994,13.1,-86,278.5,11.65,105.745833333333,20.7,18.45,19.6083333333333,2.53846153846,2701.09912109,"LAC","GEF - 4",0.608088380630498,10310766,4040909,1,2659.47998047,0.120597546686258,0.01,265947.998047,0.01,1792.67757474415
"606",2034.73034667969,1013.35437011719,659.464375,7.43694829940796,197.195754716981,86.645751953125,0.25,57.1917822557,13.16667,-85.63333,385.2,21.6,159.933333333333,22.4,20.1,21.4083333333333,0.20979020979,2882.01123047,"LAC","GEF - 4",0.608088380630498,10310766,4040909,1,2838.69360352,0.0721725957394498,0.01,283869.360352,0.01,861.526128597819
"607",3426.10546875,993.020263671875,792.970698254364,5.46548366546631,106.125,63.4772033691406,0.25,63.9124646997,13.33333,-86,278.5,11.65,105.745833333333,20.7,18.45,19.6083333333333,0.128205128205,2822.13452148,"LAC","GEF - 4",0.608088380630498,10310766,4040909,1,2774.26342773,0.0636688751511595,0.01,277426.342773,0.01,1792.67757474415
"608",1591.0419921875,808.38623046875,995.75625,5.8545970916748,110.542452830189,94.690673828125,0.25,73.5558142798,13.2,-85.81666,385.2,21.6,159.933333333333,22.4,20.1,21.4083333333333,0.272727272727,2692.86987305,"LAC","GEF - 4",0.608088380630498,10310766,4040909,1,2612.44482422,0.0359677465835066,0.01,261244.482422,0.01,861.526128597819
"609",10492.49609375,3235.59033203125,4.17056856187291,0.122437439858913,289.480519480519,68.4330444335938,0.25,1.79074777509,13.80556,-16.75722,NA,NA,NA,NA,NA,NA,0.0356294536817,1456.42431641,"AFR","GEF - 2",0.494885717893673,7919000,4e+06,1,1546.5625,NA,0.01,154656.25,0.01,1792.67757474415
"610",2356.36206054688,2925.99340820312,181.776241357637,0.925517022609711,483.888095238095,9.66011619567871,0,11.7172312329,12.55106,-11.67065,323.35,0,99.375,33.35,26.7,28.6333333333333,0,2947.37304688,"AFR","GEF - 4",0.820637856622387,16056900,2880000,1,2839.08666992,0.0775545353450319,0.01,283908.666992,0.01,1538.6727905285
"611",2229.24536132812,1066.64270019531,73.909541511772,0.197702348232269,319.749414519906,13.6516647338867,0.25,0.00575575104671,15.73191,-13.63393,92.9,0,18.7583333333333,35.3,24.7,30.5416666666667,0,1474.44665527,"AFR","GEF - 4",0.820637856622387,16056900,2880000,1,1640.01818848,0.0647505378627032,0.01,164001.818848,0.01,-48.1429833289724
"612",1597.72351074219,3869.99853515625,7.1090387374462,0.225498721003532,242.049180327869,59.0551719665527,0.25,6.06295139358,13.86997,-16.4573,253.5,0,64.2666666666667,29.1,25.3,27.4916666666667,0.437352245863,2149.01757812,"AFR","GEF - 4",0.820637856622387,16056900,2880000,1,2010.76403809,0.0444040142105648,0.01,201076.403809,0.01,333.799950008571
"613",2015.04309082031,1069.5517578125,46.1837368094351,0.230742827057838,394.590588235294,6.95120906829834,0.5,0.0118480952943,15.1404,-14.5487,102,0,22.4541666666667,33.55,25.45,30.0666666666667,0,1710.98925781,"AFR","GEF - 4",0.820637856622387,16056900,2880000,1,1859.47460938,0.0558594171336084,0.01,185947.460938,0.01,-48.1429833289724
"614",10637.181640625,3309.84545898438,4.15573770491803,0.121419094502926,306.364583333333,68.5447845458984,0.25,2.26866811864,13.82052,-16.7544,NA,NA,NA,NA,NA,NA,0.0704225352113,1499.18859863,"AFR","GEF - 4",0.820637856622387,16056900,2880000,1,1602.71582031,NA,0.01,160271.582031,0.01,-48.1429833289724
"615",2548.7158203125,1197.86303710938,277.076585059636,3.1705174446106,501.171428571429,9.38788032531738,0,12.15319885,12.3816,-12.3248,382.1,0,118.025,32.2,25.9,27.9583333333333,0,2991.61962891,"AFR","GEF - 4",0.820637856622387,16056900,2880000,1,2822.08862305,0.0602172785667081,0.01,282208.862305,0.01,2166.06104158405
"616",2537.80908203125,331.354858398438,15.8178415470992,0.232169225811958,154.427895981087,185.632278442383,0,1.60850077975,14.40569,-16.85559,206.1,0,63.1,28.9,24.9,27.2,1.21327014218,2029.2166748,"AFR","GEF - 4",0.820637856622387,16056900,2880000,1,2114.03710938,0.0810600980214689,0.01,211403.710938,0.01,333.799950008571
"617",2258.86474609375,361.191070556641,42.9987593052109,0.124380543828011,139.672209026128,61.6276550292969,0,7.54297136499e-05,15.2722,-16.517,128.3,0,32.9125,28.6,24.25,27,0.481395348837,1688.9173584,"AFR","GEF - 4",0.820637856622387,16056900,2880000,1,1594.7442627,0.0876495266810965,0.01,159474.42627,0.01,-48.1429833289724
"618",2525.28735351562,1683.71911621094,64.1621287128713,0.118405193090439,270.796728971963,8.43046092987061,0.25,0.414652203531,14.51667,-13.5,220.775,0,57.5833333333333,34.2,26.2,29.8520833333333,0,2151.24536133,"AFR","GEF - 4",0.820637856622387,16056900,2880000,1,2283.49707031,0.0806065334660286,0.01,228349.707031,0.01,333.799950008571
"619",1381.87084960938,1996.28430175781,56.6860174781523,0.603974997997284,238,5.09737253189087,0.75,12.2434682328,13.28333,-13.01667,224.1,0,62.525,34.45,27.35,29.975,0,2608.18041992,"AFR","GEF - 4",0.820637856622387,16056900,2880000,1,2950.59204102,0.051750193401243,0.01,295059.204102,0.01,333.799950008571
"620",2210.75122070312,1381.88488769531,4.85784919653894,0.147221058607101,71.8888888888889,37.3553695678711,0,0.560868362054,16.334,-15.839,54.7,0,16.0333333333333,30.7,24,28.25,0.0495283018868,1561.98327637,"AFR","GEF - 4",0.820637856622387,16056900,2880000,1,1721.0078125,0.0877741976564411,0.01,172100.78125,0.01,-48.1429833289724
"621",1309.70166015625,964.181030273438,23.2198852772467,0.307222008705139,136.963503649635,60.9435157775879,0,0.0830502565359,15.428,-16.7199,159,0,37.675,28.2,24,26.4666666666667,0,1540.89624023,"AFR","GEF - 4",0.820637856622387,16056900,2880000,1,1496.9552002,0.0949433079327671,0.01,149695.52002,0.01,-48.1429833289724
"622",1116.42236328125,1833.56408691406,3.57409713574097,0.171990871429443,132.438679245283,85.5261001586914,0.25,1.33184769216,14.11667,-16.43333,241.6,0,64.0583333333333,29.3,25.5,27.9625,0.531468531469,1559.42053223,"AFR","GEF - 4",0.820637856622387,16056900,2880000,1,1625.81115723,0.052984528333249,0.01,162581.115723,0.01,333.799950008571
"623",1959.28063964844,1404.85290527344,63.8669554455446,0.194528102874756,472.742990654206,8.51531600952148,0.5,0.026659822362,15.5,-14,98.7,0,21.1708333333333,34.5,24.9,30.1854166666667,0,1493.18200684,"AFR","GEF - 2",0.494885717893673,7919000,4e+06,1,1663.72033691,0.999999998557807,0.01,166372.033691,0.01,527.595814094364
"631",2443.0458984375,8793.478515625,76.13375,0.696113884449005,569.736966824645,4.37699317932129,0.25,12.4954762386,13.00769,-12.91459,239.25,0,71.3041666666667,34.125,27.2,29.7604166666667,0,2646.36645508,"AFR","GEF - 2",0.494885717893673,7919000,4e+06,1,2808.66577148,0.999999998381074,0.01,280866.577148,0.01,527.595814094364
"682",2577.85888671875,1920.431640625,481.621437422553,1.99910151958466,315.50234741784,102.645034790039,0,0.0010174191625,14.43333,6,139.175,0,32.2729166666667,34.825,21.625,28.80625,0.272727272727,1675.10644531,"AFR","GEF - 3",0.665045711211791,14927410,5e+06,1,1460.63366699,0.604868816869656,0.01,146063.366699,0.01,527.595814094364
"683",2285.271484375,3546.31811523438,372.828213166144,0.108850508928299,195.995249406176,139.347229003906,0,0.000235864227973,12.76512,9.27514,186.7,0,42.8583333333333,33.4,19.5,27.5833333333333,0.0591016548463,1867.69812012,"AFR","GEF - 3",0.665045711211791,14927410,5e+06,1,1751.45959473,0.504883493247303,0.01,175145.959473,0.01,527.595814094364
"684",2204.919921875,2275.21948242188,420.989361702128,0.205145120620728,167.387706855792,104.28759765625,0,0.00923253237212,13.27818,8.77109,175.9,0,39.575,33.7,19.7,27.9083333333333,0,1818.0703125,"AFR","GEF - 3",0.665045711211791,14927410,5e+06,1,1676.29125977,0.51032148584535,0.01,167629.125977,0.01,527.595814094364
"685",1304.58081054688,2833.90576171875,391.552285535379,0.120827063918114,210.152019002375,166.602035522461,0,0.0025540471641,12.76017,8.87595,200.9,0,46.375,33.3,19.3,27.3166666666667,0.0118203309693,2061.63574219,"AFR","GEF - 3",0.665045711211791,14927410,5e+06,1,1810.7322998,0.53776717595369,0.01,181073.22998,0.01,527.595814094364
"686",1579.61047363281,2322.55493164062,421.158452900811,0.277766019105911,184.504716981132,81.5543823242188,0,0,13.71783,7.75858,185,0,36.75,34.5,20.5,28.3333333333333,0,1728.73461914,"AFR","GEF - 3",0.665045711211791,14927410,5e+06,1,1489.45117188,0.548720946739285,0.01,148945.117188,0.01,527.595814094364
