"","dist_to_all_rivers.na.mean","dist_to_roads.na.mean","srtm_elevation_500m.na.mean","srtm_slope_500m.na.mean","accessibility_map.na.mean","gpw_v3_density.2000.mean","wdpa_5km.na.sum","treecover2000.na.mean","latitude","longitude","udel_precip_v4_01_yearly_max.2002.mean","udel_precip_v4_01_yearly_min.2002.mean","udel_precip_v4_01_yearly_mean.2002.mean","udel_air_temp_v4_01_yearly_max.2002.mean","udel_air_temp_v4_01_yearly_min.2002.mean","udel_air_temp_v4_01_yearly_mean.2002.mean","v4composites_calibrated.2002.mean","ltdr_yearly_ndvi_mean.2002.mean","treatment","ltdr_yearly_ndvi_mean.2013.mean","propensity","ML.prop","transOutcome","transProp","tree.pred"
"447",2150.33374023438,4066.4404296875,4701.30198019802,9.74242687225342,1283.85514018692,3.16470217704773,1,0.0222650754836,-15,-72.83333,162.15,1.4,47.3416666666667,6.35,-0.25,3.55416666666667,0,1190.85717773,1,1329.28979492,0.80752251085461,0.80752251085461,1646.13342297195,0.80752251085461,-679.021715833912
"448",1972.24499511719,1753.98522949219,751.938902743142,9.63450050354004,224.415094339623,47.6994743347168,0,21.6146664198,13.66667,-87,201.5,3.5,66.6583333333333,26.95,23.75,25.2958333333333,0.410256410256,3025.53442383,1,2777.66552734,0.371405032378012,0.371405032378012,7478.80423039859,0.371405032378012,311.108272265378
"449",1402.75646972656,8010.4033203125,16.1858224363386,0.356168121099472,773.852631578947,3.48952865600586,1,60.8237399919,15.7444,-84.675,387.8,26.9,146.808333333333,29.5,26.8,28.2833333333333,0,2970.89819336,1,3018.06811523,0.31996160439049,0.31996160439049,9432.59464203293,0.31996160439049,1499.79006498732
"450",1140.18591308594,18843.71484375,186.272040302267,0.456759929656982,1004.33018867925,3.62543964385986,2,6.30701823693,11.41667,0.91667,215.3,0,66.0277777777778,33.2666666666667,26.1666666666667,29.0972222222222,0,2356.84082031,1,2332.01733398,0.362410631022764,0.362410631022764,6434.73765490482,0.362410631022764,1499.79006498732
"451",1631.1552734375,2804.33618164062,314.798875702686,0.3531853556633,235.122641509434,81.5217361450195,0,0.0566829634843,13.25,-1.08333,170.75,0,46.6625,33.9,23.85,29.0041666666667,0,1799.35656738,1,1724.02929688,0.291654234395383,0.291654234395383,5911.209554197,0.291654234395383,1378.36626503816
"452",1758.37072753906,3404.39868164062,300.77729528536,0.449503302574158,322.547169811321,17.8652858734131,1,0.0148886311454,14.33333,-1.25,147.9,0,41.2,35.4,23.9,30.025,0,1403.29711914,1,1316.11682129,0.210357991189089,0.210357991189089,6256.55728052162,0.210357991189089,-413.168792826905
"453",1729.04211425781,2438.69018554688,310.667506297229,0.345689862966537,166.85141509434,125.529243469238,0,0.238762958471,12.2,-0.3,188.8,0,55.2833333333333,33.6,25.1,28.775,0.712589073634,1975.47167969,1,1796.35620117,0.372134322380962,0.372134322380962,4827.17151612538,0.372134322380962,656.710807543371
"454",2253.20922851562,3671.45581054688,756.322997416021,0.766640603542328,279.205592105263,1.97434663772583,0,0.00213256352991,48.66667,73.5,60.35,1.25,23.5166666666667,19.1,-17.4,3.57916666666667,0,1988.38342285,1,1909.13049316,0.63692466506141,0.63692466506141,2997.41962885976,0.63692466506141,561.131954280022
"455",1864.60388183594,820.426513671875,2328.59915100061,1.65737843513489,16.912037037037,7488.83154296875,1,5.86624499145,19.3518806169251,-99.1765291016997,220.4,3.4,84.0583333333333,15.1,9.3,12.1,60.9134396355,1454.53015137,1,1118.22216797,0.958415038752194,0.958415038752194,1166.74104929099,0.958415038752194,-679.021715833912
"456",2708.47802734375,1238.92419433594,1172.2329113924,10.3983583450317,4.24703087885986,4631.26171875,0,33.3246125101,10.48801,-66.87919,141.7,5.4,67.825,29.4,25.6,27.4333333333333,50.7666666667,2207.43164062,1,2384.84912109,0.685931194316644,0.685931194316644,3476.80516770475,0.685931194316644,311.108272265378
"457",1383.59436035156,1720.8095703125,781.077560686797,1.86015236377716,9.12975391498881,8274.38671875,1,10.3344798033,-23.5116831134005,-46.6325540542607,227.35,8.25,108.5375,23.05,15,19.8583333333333,58.078125,1439.83081055,1,1208.30908203,0.96058044872372,0.96058044872372,1257.89472775073,0.96058044872372,1499.79006498732
"458",2460.66357421875,33487.765625,214.982769623484,0.512247920036316,1817.7734939759,8.51842021942139,0,99.5481549178,-8.05923,-72.59766,332.05,20.4,164.0625,27,25.35,26.3,0,2812.39990234,1,3337.59692383,0.729117599609869,0.729117599609869,4577.58381585612,0.729117599609869,733.818069464537
"459",1713.54809570312,5178.1357421875,43.2028301886792,0.136437773704529,292.461024498886,6.44791316986084,0,14.5890220733,-24.1672,33.1214,96.1,0,30.3,28.5,20.7,25.2083333333333,0,2700.42211914,1,2882.9362793,0.502014011180803,0.502014011180803,5742.74067076127,0.502014011180803,2103.66200684521
"460",2399.95166015625,5239.55859375,1754.68902821317,9.11985683441162,360.460992907801,65.3159484863281,0,9.33880336258,12.65807,37.08837,306.4,3.45,81.8375,28.6,22,24.5833333333333,0,2397.54174805,1,2005.05651855,0.268109110419588,0.268109110419588,7478.50945986918,0.268109110419588,-427.361890479797
"461",2644.03002929688,28189.759765625,281.69,0.0912417247891426,1333.20235294118,20.2022399902344,0,10.0774162568,13.32851,14.12174,94.6,0,19.4666666666667,33.5,19.8,28.0166666666667,0,3925.31176758,1,3685.87426758,0.5016771808015,0.5016771808015,7347.10369264015,0.5016771808015,1674.927695825
"462",1869.05517578125,2878.65869140625,10.5654970760234,0.440188974142075,35.4222222222222,315.725860595703,0,14.807795842,-25.04455,33.64769,113.7,0,37.9583333333333,27.6,20.5,24.6333333333333,4.40888888889,3369.7265625,1,2905.0949707,0.563120318629825,0.563120318629825,5158.92407819457,0.563120318629825,2103.66200684521
"463",1699.56457519531,13750.912109375,145.354819633353,0.72138524055481,246.085201793722,3.57455611228943,3,10.5223126547,-23.8236,32.05218,75.35,0,22.5375,27.7,18.35,23.6875,0,2348.95922852,1,2598.89257812,0.362652007739003,0.362652007739003,7166.35375693383,0.362652007739003,2103.66200684521
"464",3682.12841796875,1610.31982421875,70.9631794272355,0.51922070980072,128.252212389381,123.34171295166,0,33.4514899884,-25.01612,33.16889,128.45,12.55,47.0041666666667,27.3,19.8,24.0791666666667,0.896247240618,3858.07592773,1,3990.6628418,0.573411827405977,0.573411827405977,6959.50563115016,0.573411827405977,2103.66200684521
"465",2166.35571289062,1735.19140625,54.0802107728337,0.603212893009186,103.424107142857,43.5784492492676,0,9.76248417295,-24.59366,33.99219,90.575,1.55,35.8854166666667,28,21.1,25.0791666666667,0,2789.97241211,1,2892.21679688,0.479906473637236,0.479906473637236,6026.6259276724,0.479906473637236,2103.66200684521
"466",2627.86303710938,1352.00402832031,32.1770222743259,0.133497059345245,35.9181415929204,161.078384399414,0,7.73001086511,-24.52248,33.00457,112.15,3.2,35.51875,27.925,20.1,24.6416666666667,2.30803571429,2512.35253906,1,2864.56396484,0.462431444131603,0.462431444131603,6194.57003020058,0.462431444131603,2103.66200684521
"467",1850.63830566406,3440.60375976562,116.458136792453,0.198469832539558,277.19512195122,3.14692521095276,0,17.8277770921,-23.49586,32.72707,74,0,25.025,28.5,19.95,24.8208333333333,0,2954.29296875,1,3078.61645508,0.548391530507152,0.548391530507152,5613.90226474304,0.548391530507152,2103.66200684521
"468",1079.8125,1634.09606933594,27.7432273262662,0.42292782664299,90.3318485523385,6.71075677871704,0,10.2821771026,-24.28852,33.5983,82.9,0,32.9333333333333,28,21.1,25.2333333333333,0,2674.78076172,1,2975.69702148,0.448354233954822,0.448354233954822,6636.93302331978,0.448354233954822,1499.79006498732
"469",3164.9638671875,2418.85498046875,230.39309112567,0.33021554350853,298.938636363636,2.81755089759827,0,15.7723078034,-22.76516,32.10983,31.8,0,9.90833333333333,29.7,19.8,25.65,0.0898876404494,2882.30297852,1,3151.76879883,0.510346830936606,0.510346830936606,6175.73894413289,0.510346830936606,2103.66200684521
"470",1924.330078125,2912.06713867188,11.9785714285714,0.497990429401398,37.0727272727273,311.935821533203,0,14.7140937663,-25.05217,33.65565,113.7,0,37.9583333333333,27.6,20.5,24.6333333333333,4.49223946785,3016.05957031,1,2551.53051758,0.531325699672397,0.531325699672397,4802.19669244912,0.531325699672397,2103.66200684521
"471",3347.80932617188,1728.71179199219,1362.26279650437,1.74182784557343,235.934272300469,4.9280571937561,0,25.6739850231,-13.6996,29.49748,295.8,0.05,83.2166666666667,23.9,14.7,19.9291666666667,0.0571428571429,2921.28955078,1,3121.15356445,0.5516918601186,0.5516918601186,5657.42181474098,0.5516918601186,2103.66200684521
"472",1777.96545410156,8250.3642578125,1366.55784865541,2.5739438533783,667.086124401914,5.89729309082031,0,19.2548897504,-13.36222,30.23433,314.2,0,96.1666666666667,22.8,14.6,19.0333333333333,0.138823529412,3145.3203125,1,3152.03198242,0.648616339318747,0.648616339318747,4859.62469852461,0.648616339318747,2103.66200684521
"473",1547.06628417969,1819.017578125,370.544548286604,2.79617094993591,166.966507177033,5.72118949890137,0,22.2875882587,-13.79599,-41.05002,284.9,0,57.9125,25.3,21.25,23.6291666666667,0.708920187793,2825.20214844,1,2285.17919922,0.46574607606229,0.46574607606229,4906.49157699908,0.46574607606229,733.818069464537
"474",1462.98400878906,2541.6650390625,449.952501583281,2.75562810897827,216.289473684211,1.11288285255432,0,13.3527412254,-9.92088,-38.72629,198.6,0,38.7458333333333,26.35,21.25,24.2166666666667,0,2665.54785156,1,2643.10253906,0.446425332449735,0.446425332449735,5920.59264324476,0.446425332449735,733.818069464537
"475",2463.72338867188,2305.52490234375,507.875159235669,1.4528272151947,159.143884892086,6.76487064361572,0,3.09206868951,-6.58896,-40.23948,336.35,0,51.0833333333333,27.65,23.9,25.6791666666667,0.391304347826,2455.62011719,1,2304.81079102,0.377458621872551,0.377458621872551,6106.1283474887,0.377458621872551,733.818069464537
"476",2591.75659179688,1587.908203125,495.698656429942,1.23203277587891,141.38199513382,24.1085643768311,0,0.79735551311,-6.25405,-40.60876,332.2,0,50.4666666666667,27.1,23.6,25.1333333333333,0.680487804878,2572.88134766,1,2326.46435547,0.408514963633044,0.408514963633044,5694.93057189403,0.408514963633044,733.818069464537
"477",1059.04333496094,2378.5419921875,363.01601537476,0.851754426956177,178.315403422983,27.1141490936279,0,3.03090769485,-5.58278,-40.74014,313.5,0,61.8833333333333,27.85,24.9,26.2375,1.66426858513,2735.5012207,1,1651.48803711,0.416315500696381,0.416315500696381,3966.91459805728,0.416315500696381,1499.79006498732
"478",1331.77746582031,2923.67700195312,214.58882611425,1.64857697486877,128.237410071942,16.1617450714111,0,12.129287102,-12.62835,-39.68234,254.5,0,57.2833333333333,24.9,21,23.2166666666667,2.01187648456,2377.69848633,1,2145.69238281,0.459461082701492,0.459461082701492,4670.0198636933,0.459461082701492,1499.79006498732
"479",1989.5712890625,2477.8681640625,357.791933418694,0.80675733089447,121.478260869565,10.3994655609131,0,0.0660418403533,-5.47187,-40.32314,325.8,0,57.675,26.7,23.7,25.2041666666667,1.00485436893,2205.85400391,1,1779.35803223,0.347901799326277,0.347901799326277,5114.54104484594,0.347901799326277,733.818069464537
"480",1349.38049316406,3488.82983398438,504.867900446713,2.18008017539978,164.31175059952,19.4540100097656,0,1.98600583374,-5.88995,-40.72808,323.2,0,57.1416666666667,27.5,24.3,25.75,1.11622276029,2510.27270508,1,1995.37854004,0.383422957187097,0.383422957187097,5204.11859185136,0.383422957187097,1499.79006498732
"481",1498.03125,4744.51904296875,436.649649010849,0.715429544448853,126.078048780488,18.7728462219238,0,0.0814623045893,-5.90848,-40.27279,331.5,0,54.4083333333333,26.8,23.6,25.2083333333333,1.29186602871,2318.26269531,1,2067.28735352,0.361218730405465,0.361218730405465,5723.09013765561,0.361218730405465,733.818069464537
"482",928.28515625,2330.58251953125,315.421153846154,0.744033992290497,144.919315403423,43.462890625,0,2.25532758088,-5.25084,-40.74335,303.8,0,66.625,28.2,25.5,26.725,1.4375,2624.58056641,1,1995.93505859,0.400895786295819,0.400895786295819,4978.68804516994,0.400895786295819,1499.79006498732
"483",2474.97143554688,1732.6787109375,453.126034373011,0.928485751152039,140.266343825666,7.54989767074585,0,0.18572623752,-9.13458,-39.66849,252.3,0,38.6166666666667,28.1,24.1,26.175,0,1964.87719727,1,1481.29516602,0.354277782865348,0.354277782865348,4181.16866950983,0.354277782865348,733.818069464537
"484",1953.4375,523.538757324219,1175.72604501608,0.470164656639099,105.542579075426,265.008209228516,0,15.4425581986,-0.159,34.981,285.5,44.8,132.195833333333,23.4,19.95,21.2625,0.288834951456,3343.94970703,1,2376.91821289,0.367430361277846,0.367430361277846,6469.0304977073,0.367430361277846,656.710807543371
"485",1352.3642578125,5066.36083984375,1138.42581888247,0.291468143463135,173,305.890106201172,0,12.3241478979,0.057,33.95282,261.875,25.775,113.497916666667,24.975,22.05,23.0958333333333,0,2963.87890625,1,2979.52539062,0.379389323588929,0.379389323588929,7853.47716808272,0.379389323588929,1499.79006498732
"486",1611.99487304688,1384.13415527344,1174.92292870906,1.08130204677582,147.162621359223,295.490783691406,0,17.7953193962,-0.2867,34.85847,285.2,36.7,126.333333333333,25.4,22,23.1166666666667,1.29024390244,3237.31274414,1,2361.07055664,0.379318513091159,0.379318513091159,6224.5065166977,0.379318513091159,656.710807543371
"487",1937.49829101562,1097.30676269531,1177.43397435897,1.07278954982758,234.709756097561,205.50798034668,0,24.9750730525,0.0478,34.15061,283.35,39.95,126.366666666667,25,21.9,22.975,0,3710.93457031,1,3233.97265625,0.386446154165986,0.386446154165986,8368.49486373966,0.386446154165986,656.710807543371
"488",3391.92602539062,3957.58349609375,964.314285714286,6.95108652114868,273.583018867925,45.3260955810547,1,32.0711869453,40.75,21.41667,171.35,22.95,77.2375,20.85,-3.65,9.97916666666667,8.79096045198,2824.92358398,1,3283.01342773,0.473924716989932,0.473924716989932,6927.28889217176,0.473924716989932,1454.9772128247
"489",1665.51635742188,1699.33337402344,1074.67322834646,7.16874885559082,153.953007518797,12.266752243042,1,20.4602890202,40.75474,21.09679,164.8,23.9,76.2916666666667,17.6,-6.8,6.9,0.877589453861,2563.76977539,1,3011.52368164,0.451554435764076,0.451554435764076,6669.23729039268,0.451554435764076,1378.36626503816
"490",980.856018066406,1816.89294433594,875.500983284169,2.05506443977356,69.7199248120301,44.2411308288574,2,5.47356083328,40.91667,21,155.225,18.625,70.9541666666667,19.825,-2.675,9.625,1.13883677298,2068.24243164,1,2504.28466797,0.404574257881201,0.404574257881201,6189.92587685932,0.404574257881201,1499.79006498732
"491",1875.27404785156,5315.4072265625,4906.66928691746,13.6506633758545,1350.1914893617,8.29290771484375,0,0.0128007071838,29.84064,89.29688,244.2,1.9,47.9666666666667,13.6,-5.3,4.91666666666667,0,1168.18078613,1,1057.78759766,0.407330818166434,0.407330818166434,2596.87593102222,0.407330818166434,510.367457093543
"492",3515.86206054688,26550.875,591.178274760383,1.0783816576004,1117.10336538462,2.51831746101379,1,46.8097404517,7.1881,21.09375,194.2,0,91.275,28.2,23.1,25.3916666666667,0,3649.63061523,1,3347.86206055,0.567795788006575,0.567795788006575,5896.24321149637,0.567795788006575,1674.927695825
"493",2460.66357421875,33487.765625,214.982769623484,0.512247920036316,1817.7734939759,8.51842021942139,0,99.5481549178,-8.05923,-72.59766,332.05,20.4,164.0625,27,25.35,26.3,0,2812.39990234,1,3337.59692383,0.729117599609869,0.729117599609869,4577.58381585612,0.729117599609869,733.818069464537
"494",NA,NA,NA,NA,NA,NA,0,0,0,0,NA,NA,NA,NA,NA,NA,0,439.042755127,1,540.616577148,NA,NA,NA,NA,-413.168792826905
"495",1195.59753417969,4420.86279296875,980.9938537185,0.385354608297348,658.736596736597,1.09943091869354,2,9.36315676743,-17.7426098984081,23.3345694541919,141,0,38.8916666666667,27.5,18.4,24.5,0,2704.93408203,1,2684.63916016,0.319601546632064,0.319601546632064,8399.95672252065,0.319601546632064,1499.79006498732
"496",3582.18237304688,5047.8125,949.625763125763,0.091145358979702,663.785219399538,3.82240033149719,2,7.15230811736,-18.2444661641588,23.6856169700605,155.4,0,39.1333333333333,27.5,18.1,24.2416666666667,0,2707.75854492,1,2829.3762207,0.343508934788797,0.343508934788797,8236.68887226941,0.343508934788797,2103.66200684521
"497",1830.50085449219,2798.20068359375,1707.13102019679,1.40820145606995,77.2357563850688,42.3270301818848,0,0,37.10567,104.05523,87.8,0.966666666666667,22.875,21.0333333333333,-6.8,8.29444444444444,4.10059171598,1152.17382812,1,960.441040039,0.481236986452364,0.481236986452364,1995.77560968305,0.481236986452364,-206.491477362047
"498",7501.10888671875,10257.595703125,1983.18690176322,6.30185317993164,374.986486486487,6.89236831665039,0,0.000259039231111,39.12183,99.92495,47.35,0,13.25,22.95,-9.35,8.4125,0.0496183206107,1062.88696289,1,1102.54711914,0.490451924556028,0.490451924556028,2248.0228212746,0.490451924556028,510.367457093543
"499",1503.4072265625,6265.25146484375,1063.47455162385,1.29667103290558,186.847583643123,26.5364894866943,0,2.56445012694e-05,41.79214,83.45912,30.2,0,8.70833333333333,26,-6.15,12.1166666666667,9.87706422018,452.415283203,1,490.809906006,0.354290524295346,0.354290524295346,1385.33173299562,0.354290524295346,-1711.33255581398
"500",1807.08471679688,5242.59814453125,2099.843866171,4.91962957382202,284.493951612903,156.939178466797,0,0.0160734510929,35.0371,104.38623,109.4,1.75,37.0541666666667,17.25,-5.95,6.13333333333333,0.581818181818,1577.68847656,1,1583.29577637,0.550622197535183,0.550622197535183,2875.46666926524,0.550622197535183,510.367457093543
"501",1539.7568359375,2952.72705078125,1012.59582036461,4.25459337234497,396.981196581197,2.68214106559753,0,0.200511800784,46.9922,89.52518,30.125,3.85,15.175,21.5,-18.85,3.3,2.99662162162,1534.53833008,1,1673.8503418,0.726773443274047,0.726773443274047,2303.12535122288,0.726773443274047,510.367457093543
"502",19574.318359375,183.035720825195,50.9043845747491,1.11125206947327,8.05988023952096,2620.46069335938,0,20.2515873971,38.89511,-77.03637,143.7,15.025,82.9729166666667,25.3,0.975,13.46875,60.4330097087,2528.76733398,1,2486.25415039,0.939763011016812,0.939763011016812,2645.61822634401,0.939763011016812,-1231.34806325733
"503",1264.26245117188,4061.63330078125,617.171773444754,0.320338517427444,507.770318021201,12.3908596038818,1,0,44.50826,89.90112,44.5,3.55,16.4125,25.2,-13.8,7.50833333333333,0,816.971435547,1,800.705078125,0.611430889618136,0.611430889618136,1309.55941500612,0.611430889618136,1499.79006498732
"504",1966.93640136719,17694.47265625,1613.72813990461,3.27869558334351,571.075050709939,127.314323425293,0,1.18625611795,35.2054,106.60142,134.8,4.7,50.425,23.9,-2.5,11.8166666666667,4.26452905812,1860.55895996,1,1883.74353027,0.514761280802081,0.514761280802081,3659.4507017599,0.514761280802081,510.367457093543
"505",1130.51489257812,34467.2578125,512.549791570171,0.585471570491791,776.597147950089,19.3336296081543,0,0,44.50434,88.27515,62.95,4.25,21.1,25.5,-12.75,8.04166666666667,0,1098.48095703,1,1328.1373291,0.72723980151311,0.72723980151311,1826.27150815542,0.72723980151311,1499.79006498732
"506",2878.16723632812,6888.58984375,2261.10190073918,6.07596874237061,452.997975708502,181.034622192383,0,0.00507294985745,35.52163,103.99071,110.85,0.7,31.0229166666667,19.525,-4.925,8.06041666666667,0.0813492063492,1261.04150391,1,1397.6027832,0.476257138242965,0.476257138242965,2934.55503545021,0.476257138242965,510.367457093543
"507",1318.904296875,3859.87915039062,1170.67242206235,1.53233683109283,198.540441176471,15.0358762741089,0,0.00398985457743,42.31639,86.38278,99.2,0,19.1083333333333,25.5,-10.1,10.75,2.28623188406,1334.26953125,1,1440.93981934,0.370784421511242,0.370784421511242,3886.19298908789,0.370784421511242,1499.79006498732
"508",2910.83032226562,21708.59765625,1914.78749337573,5.46486043930054,820.547094188377,148.562423706055,1,8.28477769963,35.22678,106.49565,124.55,4.5,47.975,21.75,-4.35,9.79166666666667,0.6369168357,1815.36950684,1,1803.97131348,0.493526745750821,0.493526745750821,3655.2655535123,0.493526745750821,510.367457093543
"509",1409.71545410156,17458.48828125,2094.50774443369,4.93760395050049,648.988929889299,12.786732673645,0,0.0117483466912,42.03635,81.93527,33.425,1.55,13.8020833333333,19.275,-14.6,4.6125,0.550458715596,806.188049316,1,682.366882324,0.558019648256464,0.558019648256464,1222.83665898873,0.558019648256464,-189.339077649705
"510",1187.38061523438,2655.57592773438,1567.159375,4.1592869758606,167.988188976378,101.016807556152,0,0.0848986080676,36.49893,104.69634,96.7,1.5,24.2541666666667,22.35,-6.3,9.44583333333333,3.914,1231.1619873,1,1104.13842773,0.422865939968753,0.422865939968753,2611.08385274914,0.422865939968753,1499.79006498732
"511",2402.11401367188,3533.38525390625,2509.46687697161,8.11713695526123,209.317365269461,158.024017333984,0,4.98431100007,35.49587,102.92077,95.775,0.525,34.6625,14.125,-10.175,3.01666666666667,0.856,1918.77026367,1,1777.22485352,0.544969836392275,0.544969836392275,3261.14352545695,0.544969836392275,510.367457093543
"512",1937.86840820312,7160.77001953125,1856.03047819233,5.03621673583984,443.530241935484,107.188972473145,0,1.19252525172e-05,35.88612,105.09062,90.5,1.7,32.125,18.6,-6.3,7.14166666666667,0.019801980198,1100.97045898,1,1271.4407959,0.462805656105938,0.462805656105938,2747.24558597219,0.462805656105938,510.367457093543
"513",2002.9912109375,14221.2958984375,1539.13972842751,6.9940390586853,403.797319932998,15.9449796676636,0,5.48272226121,47.96786,87.94006,30.625,3.2,17.1395833333333,18.1,-18.575,1.59791666666667,0,2436.13256836,1,2571.77368164,0.746688258204473,0.746688258204473,3444.2401542837,0.746688258204473,510.367457093543
"514",1712.37475585938,23601.21875,3734.46727089627,16.781400680542,1756.80842911877,2.28065991401672,0,0.0192724180794,39.05405,99.09189,44.5,0.1,14.4625,14.25,-17.2,-0.0416666666666665,0,1052.75378418,1,1151.73413086,0.674632240942,0.674632240942,1707.20291881072,0.674632240942,510.367457093543
"515",1429.29736328125,6407.89501953125,694.38167587477,1.13611626625061,436.229681978799,39.0498809814453,0,0.206060363629,44.98,81.95,47.25,7.575,23.4041666666667,19.375,-15.575,3.57083333333333,1.34668989547,2015.60339355,1,2034.01806641,0.737971012083872,0.737971012083872,2756.23030322881,0.737971012083872,1499.79006498732
"516",828.992126464844,2681.95263671875,425.044651162791,0.453289777040482,352.516754850088,13.2625179290771,0,0.358967429928,44.45731,84.22119,46.75,4.7,19.3708333333333,24.4,-14.2,6.80833333333333,1.70766488414,1881.7421875,1,2148.90454102,0.747114394211625,0.747114394211625,2876.2724392261,0.747114394211625,1499.79006498732
"517",688.725463867188,5293.3798828125,387.999070199907,0.240489348769188,304.054867256637,218.553237915039,0,0.0118999646085,44.55134,85.01358,52.775,3.525,20.3979166666667,25,-13.9,7.17083333333333,1.76868327402,1601.96984863,1,2329.72949219,0.753489166218584,0.753489166218584,3091.92168466315,0.753489166218584,1499.79006498732
"518",862.703674316406,4047.51635742188,435.750931098696,0.209554046392441,244.304964539007,16.7292594909668,0,0.145969851225,44.35746,86.37154,60.1,0,22.2916666666667,26,-14.1,7.7,1.85,1932.2611084,1,2227.85961914,0.770045669126638,0.770045669126638,2893.15258621839,0.770045669126638,1499.79006498732
"519",2747.80688476562,3028.29467773438,1930.98829787234,4.97827386856079,221.717434869739,201.082550048828,0,0.37204984669,34.99319,106.27038,99.4,4.45,42.575,20.75,-4.95,8.98333333333333,1.24390243902,1807.57189941,1,1932.43615723,0.486344149969125,0.486344149969125,3973.39241636335,0.486344149969125,510.367457093543
"520",789.755737304688,3816.86083984375,767.328393881453,0.424264878034592,183.425688073394,4.83051204681396,0,0.00237708197419,42.83129,93.50138,27.2,0.15,6.07083333333333,28.45,-11.6,11.0791666666667,17.1666666667,1151.59301758,1,1261.57275391,0.537656962842209,0.537656962842209,2346.42688758454,0.537656962842209,-189.339077649705
"521",1619.46459960938,1880.31848144531,1322.40603015075,0.659984469413757,85.0249042145594,160.045455932617,0,0.123942631542,39.47543,75.98968,28,0.8,10.74375,23.975,-7,10.7125,23.0133843212,1825.41870117,1,1775.79516602,0.519329063492053,0.519329063492053,3419.40263092396,0.519329063492053,-206.491477362047
"522",1081.75170898438,8623.3408203125,571.626747437092,0.173019051551819,415.526501766784,15.6834697723389,2,0,44.2945,89.02968,47.45,1.05,15.6375,26.15,-14.7,7.575,0,1230.9465332,1,1463.6920166,0.640287062598611,0.640287062598611,2285.99342716624,0.640287062598611,-189.339077649705
"523",1979.91882324219,2029.31823730469,1150.23390151515,4.94402933120728,260.990974729242,29.3164215087891,2,0.760164026482,43.30974,82.50379,77.65,14.35,34.6916666666667,21.1,-11.8,6.225,0.648550724638,2819.50878906,1,2463.89257812,0.542180592093863,0.542180592093863,4544.4130867994,0.542180592093863,510.367457093543
"524",1262.80627441406,2376.1103515625,1803.39640077821,4.47414398193359,145.772388059701,16.3909511566162,0,0.00475664672023,41.59257,80.46727,37.925,1.675,14.7875,18.45,-11,5.35208333333333,0,678.306091309,1,650.446777344,0.45494313376005,0.45494313376005,1429.7320457793,0.45494313376005,-189.339077649705
"525",1127.91369628906,2487.962890625,1447.55440158259,0.615561425685883,254.277673545966,4.4275369644165,0,0.000292561666223,40.64879,96.66479,22.4,0,7.60833333333333,23.7,-11.9,8.2,0,741.327148438,1,812.506896973,0.500282656081195,0.500282656081195,1624.09567290922,0.500282656081195,-189.339077649705
"526",1499.54260253906,2367.15502929688,2015.18272775145,4.15620899200439,125.431411530815,518.260437011719,0,0.0432187430177,35.58234,103.20548,97.8,0.65,34.6833333333333,15.4,-9.05,4.1625,7.40927419355,1669.6373291,1,1745.41931152,0.585927926139529,0.585927926139529,2978.89763169328,0.585927926139529,-206.491477362047
"527",2476.55322265625,3633.22973632812,2556.58186157518,11.0577077865601,446.932727272727,16.449649810791,1,13.4374922353,42.89038,82.10257,70.8,12.2,33.4625,15.65,-16.35,1.175,0,2118.57739258,1,1959.09558105,0.581692598066291,0.581692598066291,3367.92248614231,0.581692598066291,510.367457093543
"528",1143.95373535156,23414.103515625,1563.96116504854,0.510597467422485,847.499025341131,152.141525268555,0,0,38.00857,103.12409,64.9,1.45,24.2625,21.25,-7.15,8.25416666666667,0,896.678405762,1,768.100708008,0.596960051735863,0.596960051735863,1286.6869496116,0.596960051735863,1499.79006498732
"529",1033.6982421875,9787.2734375,428.033906177427,0.192743971943855,475.7,20.6085472106934,0,0.00133838476981,44.40463,86.51681,61.9,0,22.4166666666667,26.325,-12.95,8.46875,1.65438596491,1578.9609375,1,1967.31628418,0.740166243933993,0.740166243933993,2657.93840276164,0.740166243933993,1499.79006498732
"530",2138.94775390625,6082.4765625,1063.11385658915,0.572960793972015,157.240740740741,19.1879348754883,0,0.00919037919922,41.85256,86.88213,62.8,0,12.4916666666667,25.5,-11.9,10.0333333333333,0,497.01348877,1,528.423095703,0.349205148975024,0.349205148975024,1513.21679320597,0.349205148975024,-1711.33255581398
"531",869.785400390625,12182.8955078125,3.5885741718675,1.53328132629395,540.823853211009,18.1388816833496,0,0,42.59285,89.24044,17,0,3.3625,31.85,-8.9,13.6458333333333,0,466.814727783,1,534.323791504,0.531232787631829,0.531232787631829,1005.81854874951,0.531232787631829,-189.339077649705
"532",2582.91162109375,4793.5341796875,1980.20621181263,3.07095122337341,161.912790697674,38.2293434143066,0,0.0017285301905,38.27551,102.02752,62.85,2.05,21.0666666666667,17.75,-9.25,5.35833333333333,3.41472868217,1199.66381836,1,1061.9440918,0.519807372690755,0.519807372690755,2042.95696365925,0.519807372690755,-206.491477362047
"533",4390.56494140625,5686.57763671875,2470.65447800742,6.24111604690552,418.058823529412,163.129928588867,0,4.91885832215,35.23067,103.59208,109.9,0,32.6083333333333,19.9,-3.1,8.95,0.0836653386454,1873.1138916,1,1694.4621582,0.514608314306827,0.514608314306827,3292.72207831004,0.514608314306827,510.367457093543
"534",1591.72229003906,4924.61279296875,1539.95754475703,0.402225732803345,193.600389863548,152.141510009766,0,0.0214090671418,37.90447,102.7768,60,1.65,21.1875,21.65,-6,8.91666666666667,5.05458089669,1469.27087402,1,1232.28564453,0.549938816730179,0.549938816730179,2240.76862196583,0.549938816730179,-206.491477362047
"535",3515.86206054688,26550.875,591.178274760383,1.0783816576004,1117.10336538462,2.51831746101379,1,46.8097404517,7.1881,21.09375,194.2,0,91.275,28.2,23.1,25.3916666666667,0,3649.63061523,1,3347.86206055,0.567795788006575,0.567795788006575,5896.24321149637,0.567795788006575,1674.927695825
"536",1801.01196289062,4205.71923828125,268.64047029703,0.380018979310989,778.668224299065,0.250789731740952,1,0,15.72419,18.2836,38.2,0,3.575,34.6,20.7,29.325,0,905.178955078,1,1048.2454834,0.118991984699308,0.118991984699308,8809.37893463087,0.118991984699308,-413.168792826905
"537",1546.23474121094,3241.43090820312,336.010126582278,0.140887677669525,399.387019230769,16.8867492675781,0,7.8978119013,10.57861,16.76788,202.2,0,48.8541666666667,33.9,23.1,28.2833333333333,0,2792.45141602,1,2536.9309082,0.430622245071281,0.430622245071281,5891.31410937691,0.430622245071281,1378.36626503816
"538",2809.07641601562,7238.666015625,878.021197007481,0.907282114028931,423.090692124105,7.33806848526001,0,0.00845586664324,13.66237,21.91554,185.35,0,40.2666666666667,30.75,19,26.1875,0,2161.72436523,1,1965.02990723,0.21577221419985,0.21577221419985,9106.96455758653,0.21577221419985,1674.927695825
"539",3291.58959960938,2273.05395507812,470.087619047619,0.630750775337219,91.495145631068,56.9488906860352,0,9.65559093246,8.70502,15.98303,261.1,0,70.0458333333333,32.15,23.15,27.6333333333333,0,2897.02685547,1,2500.73486328,0.365958201740124,0.365958201740124,6833.38930891302,0.365958201740124,1674.927695825
"540",3526.09838867188,7759.58740234375,483.273186119874,1.88702285289764,581.932692307692,5.23780012130737,0,9.56480138128,10.93677,18.6171,170.35,0,36.7166666666667,33.35,23.45,28.1291666666667,0,2766.41650391,1,2569.12133789,0.408297393301403,0.408297393301403,6292.27954926836,0.408297393301403,1674.927695825
"541",2388.837890625,1774.177734375,270.397965670693,0.80179888010025,316.929951690821,46.0027389526367,0,3.57481850688,9.6168,14.1659,181.7,0,61.5583333333333,33.3,24.1,28.4666666666667,0.457142857143,2491.86401367,1,2273.85058594,0.393557166099878,0.393557166099878,5777.68817799379,0.393557166099878,1674.927695825
"542",2166.18920898438,4457.41064453125,499.414800995025,0.791067123413086,182.259433962264,7.33806896209717,0,0,14.18333,20.7,135.1,0,26.3916666666667,33.6,22.4,29.0333333333333,0,1683.64294434,1,1609.76672363,0.158627294419869,0.158627294419869,10148.1067903051,0.158627294419869,-398.545008919675
"543",1757.04150390625,1779.81494140625,157.478371501272,0.824301660060883,131.775362318841,40.9126396179199,0,13.6545684555,7.87454079171518,2.1019280664061,224.3,0,92.9666666666667,29.4,24.8,27.0666666666667,0.235011990408,2455.26855469,1,2682.64526367,0.330387742374008,0.330387742374008,8119.68762640466,0.330387742374008,1378.36626503816
"544",2167.63696289062,9951.8623046875,3760.25165226233,23.6907138824463,1720.91714836224,7.31482458114624,0,0.0197289339106,38.41838,71.7627,74.35,3.25,41.4125,10.25,-17,-2.53333333333333,0,627.63482666,1,616.74432373,0.627939240697206,0.627939240697206,982.171974226716,0.627939240697206,-878.301949564885
"545",1859.0693359375,5790.09619140625,3351.21593186373,20.7134113311768,555.517441860465,21.0597457885742,0,0.0978613927509,39.4,69.8,101.1,4.15,43.2041666666667,16.95,-8.25,5.47916666666667,0,770.389038086,1,876.924987793,0.31360999256537,0.31360999256537,2796.2278262234,0.31360999256537,-50.2755053373139
"546",2055.90795898438,2737.109375,2740.89846938776,22.6781616210938,664.857421875,7.51973962783813,0,0.00559840948146,38.29595,71.33316,44.9,0,22.2583333333333,14.7,-15.1,0.775,0,896.24029541,1,859.465515137,0.523442192380823,0.523442192380823,1641.94924988337,0.523442192380823,561.131954280022
"547",2308.58129882812,3268.06909179688,1781.55684689237,13.3730869293213,296.126195028681,11.9088716506958,0,1.27396320322,38.87272,70.08629,158.55,2.4,78.0375,19.6,-5.5,7.12916666666667,0.660886319846,2550.92504883,1,2698.73828125,0.669688285509444,0.669688285509444,4029.84245005424,0.669688285509444,-50.2755053373139
"548",2295.7568359375,7390.7919921875,2960.68158953722,20.0851268768311,746.671785028791,18.2957534790039,0,0.461261110498,39.23491,70.35998,109,6.1,55.1416666666667,21.7,-2.8,9.81666666666667,0,1586.29528809,1,1860.84680176,0.424696973358058,0.424696973358058,4381.58715153154,0.424696973358058,-50.2755053373139
"549",1978.28405761719,2409.25366210938,1665.29108216433,10.2439632415771,300.194230769231,40.4491500854492,0,0.181676343696,39.37452,67.79159,141.3,4.7,54.4,17.3,-7.3,6.15833333333333,3.35028248588,1581.02697754,1,1589.43945312,0.4444829406221,0.4444829406221,3575.92903542128,0.4444829406221,-50.2755053373139
"550",1103.10144042969,3284.9541015625,2188.86582914573,16.4791965484619,429.403100775194,18.2957496643066,0,0.399224894693,39.2,70.8,110.2,3.8,59.4333333333333,21.6,-2.7,9.50833333333333,0.95856873823,2379.54467773,1,2636.88623047,0.561374730127106,0.561374730127106,4697.19438542052,0.561374730127106,1499.79006498732
"551",1806.40063476562,5587.9267578125,584.638418079096,2.97791624069214,194.978388998035,82.7745132446289,0,0.127120241419,37.6516,69.34133,101.6,0,46.9666666666667,28.3,1.8,16.875,2.38058252427,1841.39086914,1,2295.3684082,0.356721059550689,0.356721059550689,6434.63105624084,0.356721059550689,782.520149047151
"552",2342.85424804688,3545.30200195312,786.0747185261,2.78338670730591,136.21511627907,43.3781433105469,0,0.0185279996909,38.08511,69.26995,148.65,0.55,64.2458333333333,25.95,0.45,14.45,4.22265625,2003.35266113,1,2376.53295898,0.463114551849905,0.463114551849905,5131.6309312393,0.463114551849905,-206.491477362047
"553",1415.17639160156,5216.7783203125,349.712752525253,0.898286700248718,346.892601431981,22.7217044830322,0,14.1514579949,10.30672,2.60413,333.5,0,98.75,30.4,25.2,27.2083333333333,0.0841346153846,2926.93701172,1,2612.64453125,0.413466549252626,0.413466549252626,6318.87763586333,0.413466549252626,1499.79006498732
"554",2358.11108398438,2194.61083984375,2288.15492957746,19.6533374786377,204.146718146718,12.4408674240112,1,1.32525046639,39.38251,68.55168,123.5,4.95,54.1041666666667,11.15,-13.65,-0.408333333333333,0.647619047619,1171.08984375,1,1196.28442383,0.388743018340886,0.388743018340886,3077.31423431246,0.388743018340886,-427.361890479797
"555",2891.44140625,4764.89111328125,2938.65423387097,20.540901184082,402.230038022814,12.4408674240112,1,1.52038185214,39.29536,68.78884,124.4,6.3,57.2916666666667,6.4,-18.4,-5.38333333333333,0,1150.93029785,1,1185.80895996,0.524212000305427,0.524212000305427,2262.07900480931,0.524212000305427,-1250.03929103272
"556",1776.48840332031,541.1123046875,55.5504682622269,2.09666347503662,21,2383.06298828125,0,7.71534865933,-29.8579,31.0292,148.1,6.7,58.1,21.4,13,17.7833333333333,45.2510729614,1130.37194824,1,714.603393555,0.715812291061644,0.715812291061644,998.311152907349,0.715812291061644,-984.986091293444
"557",2757.794921875,2147.32299804688,371.652256834075,0.820816159248352,136.318289786223,14.9694633483887,0,12.8626180168,9.79575,2.68017,363.6,0,93.5916666666667,29,24.4,26.4916666666667,0.0433734939759,2858.24414062,1,2850.36401367,0.310072233867756,0.310072233867756,9192.58063876066,0.310072233867756,1674.927695825
"558",NA,NA,NA,NA,NA,NA,0,0,0,0,NA,NA,NA,NA,NA,NA,0,439.042755127,1,540.616577148,NA,NA,NA,NA,-413.168792826905
"559",1896.73352050781,3837.38696289062,142.296178343949,0.87679660320282,244.686746987952,45.6105117797852,0,15.6366234332,7.71723139996163,2.34150634765629,224.3,0,92.9666666666667,29.4,24.8,27.0666666666667,0,2342.67114258,1,2528.44628906,0.334268794220481,0.334268794220481,7564.11107700428,0.334268794220481,-398.545008919675
"560",1573.54162597656,7692.78564453125,128.191054313099,0.775953710079193,220.273170731707,29.3305473327637,1,16.9014845163,7.88338291695701,2.43701107421848,224.85,0,94.425,29.4,24.75,27.0166666666667,0,2327.62988281,1,2637.21923828,0.293932392680505,0.293932392680505,8972.19668179468,0.293932392680505,1378.36626503816
"561",2101.39086914062,2064.37768554688,689.461720226843,10.4076642990112,114.18115942029,92.043212890625,0,32.6261965266,43.44,17.85,217.95,31.95,115.883333333333,22.3,0,11.9791666666667,9.43493761141,2601.06542969,1,2972.05761719,0.42065367194703,0.42065367194703,7065.33144815683,0.42065367194703,1359.9345206908
"562",1696.21154785156,1568.85314941406,718.220491029273,13.8133172988892,137.153707052441,92.043212890625,0,60.232424593,43.69206,17.73219,280.5,47.5,140.65,19.3,-2.9,9.25833333333333,2.6862745098,2662.54541016,1,2994.33398438,0.329227484811068,0.329227484811068,9095.0304045798,0.329227484811068,1378.36626503816
"563",2393.09814453125,1834.04699707031,502.609528257823,6.35650873184204,126.196078431373,16.8741626739502,1,19.1105397688,44.2263782589547,15.81766350098,179.9,19.5,98.35,19.4,-1.4,9.93333333333333,1.20567375887,3090.6628418,1,3687.46557617,0.479365055934297,0.479365055934297,7692.39545211117,0.479365055934297,1454.9772128247
"564",1822.23901367188,1806.5927734375,318.041290934979,5.08044910430908,72.3243727598566,90.7436599731445,0,9.05194484329,43.24422,17.85261,155.4,16.4,91.1166666666667,25.3,2.9,14.7,13.8633879781,3055.92944336,1,3531.41577148,0.580746009574007,0.580746009574007,6080.82658040197,0.580746009574007,1378.36626503816
"565",3004.95068359375,4122.5,147.247455470738,0.742627620697021,253.557416267943,34.384895324707,0,15.7606137501,7.431,1.938,281.2,0,105.227777777778,29.3666666666667,25.1333333333333,27.2111111111111,0,2383.72973633,1,2593.86401367,0.322562665250272,0.322562665250272,8041.42665319762,0.322562665250272,1674.927695825
"566",5202.58935546875,71993.8984375,349.900436681223,6.34802961349487,214.650684931507,201.910507202148,0,6.50158285601,42.66778,18.07833,305,60.6,148.741666666667,23.3,3.6,13.4166666666667,11.6983546618,2095.48339844,1,2627.26342773,0.438971067568031,0.438971067568031,5985.04917940367,0.438971067568031,-475.644992620385
"567",2764.89721679688,3613.96899414062,317.346861128725,0.881413698196411,183.394230769231,13.0696392059326,0,18.0507776022,8.83973,2.61865,263.9,0,90.4583333333333,29.6,24.7,26.975,0,2563.18847656,1,2648.15917969,0.340272708996937,0.340272708996937,7782.46127200826,0.340272708996937,1674.927695825
"568",2313.36083984375,6745.68017578125,294.126108998733,0.926677525043488,300.625592417062,21.920955657959,1,22.6837919854,8.63888,2.68819,263.9,0,90.4583333333333,29.6,24.7,26.975,0,2438.50512695,1,2427.36254883,0.298687039672287,0.298687039672287,8126.77560932422,0.298687039672287,1674.927695825
"569",1324.97021484375,2823.92578125,958.896195652174,4.20368766784668,46.186974789916,42.5682411193848,0,1.01455391719,32.93333,-5.66667,163.4,5.9,54.2416666666667,27.05,10.35,17.3833333333333,4.73415132924,2288.33520508,1,2645.37158203,0.69422596495239,0.69422596495239,3810.53391198271,0.69422596495239,1499.79006498732
"570",1307.65869140625,2621.62573242188,176.306096794469,0.381026953458786,340.174940898345,46.5052909851074,0,1.38759589876,11.92735,3.26371,240.85,0,69.95,34.4,25.1,29.1125,0,2353.16577148,1,2006.05895996,0.424541250953087,0.424541250953087,4725.23919750186,0.424541250953087,1499.79006498732
"571",2510.07958984375,2405.56982421875,462.063762626263,1.76609814167023,131.122302158273,22.1028289794922,0,10.7258920077,10.3601,1.68275,262.2,0,80.95,30.9,25.2,27.5333333333333,0,2778.07275391,1,2432.53759766,0.371814274135883,0.371814274135883,6542.34591534538,0.371814274135883,1674.927695825
"572",69897.859375,195.530731201172,20.9122712594187,0.956102132797241,20.6569646569647,13506.333984375,3,3.62872235909,40.74955,-73.96792,167.5,14.8,91.7958333333333,25.4,1.6,12.8041666666667,60.979245283,1299.53137207,1,1216.85437012,0.996810507954512,0.996810507954512,1220.74793595126,0.996810507954512,-1231.34806325733
"573",19574.318359375,183.035720825195,50.9043845747491,1.11125206947327,8.05988023952096,2620.46069335938,0,20.2515873971,38.89511,-77.03637,143.7,15.025,82.9729166666667,25.3,0.975,13.46875,60.4330097087,2528.76733398,1,2486.25415039,0.939763011016812,0.939763011016812,2645.61822634401,0.939763011016812,-1231.34806325733
"574",1262.52270507812,558.905517578125,2469.03532434168,2.75954413414001,203.830097087379,142.249694824219,1,22.6867187252,-0.52734,36.51855,246.2,38.775,118.1,18.3,14.575,16.1729166666667,0,2316.36376953,1,2386.03442383,0.317371622935747,0.317371622935747,7518.10890261307,0.317371622935747,1499.79006498732
"575",1951.20324707031,31433.591796875,575.063788659794,2.34363293647766,2336.22222222222,8.63317775726318,0,99.0873303212,-2.02107,24.69727,237.5,46.9,139.6375,25.25,23.65,24.5541666666667,0,2786.61254883,1,2766.81323242,0.436828940875393,0.436828940875393,6333.85971834967,0.436828940875393,1359.9345206908
"576",1603.31311035156,4357.490234375,303.204287515763,0.672337651252747,352.635933806147,18.0446681976318,1,12.5756776096,10.53569,3.24577,304.6,0,94.1958333333333,31.65,25.05,27.7041666666667,0,2808.69116211,1,2585.77758789,0.389305616373342,0.389305616373342,6642.02487489997,0.389305616373342,1378.36626503816
"577",1402.70178222656,1641.29504394531,1034.12931034483,0.300399363040924,286.559652928416,0.186042204499245,0,0,-27.11781,22.28027,78.7,0.7,28.6666666666667,27.9,9.1,21.0666666666667,0,1994.98144531,1,1540.46582031,0.550505784593098,0.550505784593098,2798.27363021921,0.550505784593098,1499.79006498732
"578",1433.45153808594,18336.40625,343.963023382273,0.936675429344177,437.814432989691,5.01829433441162,0,0,32.95337,9.97559,39.75,3.175,19.1270833333333,30.5,10.8,21.4020833333333,0,1070.8572998,1,1148.76171875,0.379768816223644,0.379768816223644,3024.89743674346,0.379768816223644,1378.36626503816
"579",2139.19262695312,114830.9296875,314.049511002445,0.389402508735657,3343.99531615925,0.155324354767799,0,0,18.31281,-4.83398,35.1,0,4.225,36.7,20.1,29.2833333333333,0,730.040039062,1,812.681762695,0.652743409530524,0.652743409530524,1245.02484564265,0.652743409530524,-413.168792826905
"580",1254.37817382812,3314.27368164062,381.375711574953,0.83203649520874,169.407228915663,20.1295852661133,0,13.2725763437,10.32847,1.85892,262.2,0,80.95,30.9,25.2,27.5333333333333,0,2802.50097656,1,2436.12011719,0.390601202488153,0.390601202488153,6236.8474589217,0.390601202488153,1499.79006498732
"581",1812.52673339844,3186.69702148438,783.037827352085,10.3043184280396,237.357407407407,65.1658554077148,0,19.8056331548,42,20.33333,166.4,33.55,91.25,22.5,-0.05,12.1666666666667,1.13443830571,2648.56835938,1,3289.2512207,0.394454941492374,0.394454941492374,8338.72484460584,0.394454941492374,1378.36626503816
"582",2030.14965820312,5164.6494140625,160.098915124442,1.13866519927979,342.702179176755,38.9399833679199,0,17.5204418231,7.62552427027798,2.59905941406253,225.4,0,95.8833333333333,29.4,24.7,26.9666666666667,0,2278.67504883,1,2526.51953125,0.351161269091999,0.351161269091999,7194.75566819441,0.351161269091999,933.324825317734
"583",2142.87109375,24661.32421875,167.11963190184,5.37835836410522,85.6937984496124,123.982124328613,0,14.0460530533,41.8,19.66667,180.7,30.6,97.25,24.1,4,14.5833333333333,6.3172541744,3200.44311523,1,3762.57983398,0.500499455843372,0.500499455843372,7517.65019931905,0.500499455843372,1359.9345206908
"584",1809.71350097656,7061.09521484375,269.504100946372,1.18290150165558,460.820574162679,19.4431591033936,1,12.2103828673,11.04992,3.23636,276.5,0,87.3541666666667,33.15,25,28.4333333333333,0,2873.12963867,1,2533.57714844,0.425565346682212,0.425565346682212,5953.43856869984,0.425565346682212,1378.36626503816
"585",19574.318359375,183.035720825195,50.9043845747491,1.11125206947327,8.05988023952096,2620.46069335938,0,20.2515873971,38.89511,-77.03637,143.7,15.025,82.9729166666667,25.3,0.975,13.46875,60.4330097087,2528.76733398,1,2486.25415039,0.939763011016812,0.939763011016812,2645.61822634401,0.939763011016812,-1231.34806325733
"586",NA,NA,NA,NA,NA,NA,0,0,0,0,NA,NA,NA,NA,NA,NA,0,439.042755127,1,540.616577148,NA,NA,NA,NA,-413.168792826905
"587",1325.24438476562,2584.17749023438,93.3299363057325,0.775335729122162,128.825358851675,41.5239105224609,0,16.199466495,7.54793191884476,2.10536129394531,278.55,0,103.5375,29.6,25.15,27.3291666666667,0,2494.02148438,1,2871.49902344,0.319333827019338,0.319333827019338,8992.15423008132,0.319333827019338,1499.79006498732
"588",1959.51220703125,9670.9501953125,254.260541220894,0.655638337135315,708.949519230769,25.9518814086914,1,9.16047860908,11.50533,3.23291,265.2,0,82.4666666666667,33.9,24.95,28.85,0,2759.47827148,1,2198.83105469,0.447693241188938,0.447693241188938,4911.4680598049,0.447693241188938,-398.545008919675
"589",1601.69946289062,11230.8447265625,285.91156032849,0.499324142932892,550.149643705463,12.8075304031372,1,12.4294379025,10.77835,2.41402,291.25,0,89.4083333333333,31.95,25.55,28,0,2725.2043457,1,2363.15112305,0.415490525145061,0.415490525145061,5687.61735836202,0.415490525145061,1378.36626503816
"590",5511.65283203125,946459.9375,139.448305084746,5.66450595855713,222.522875816993,97.2048263549805,1,61.8080819256,10,118.75,294.9,6.9,103.616666666667,29,26.7,27.725,0.275779376499,2132.22973633,1,1930.38232422,0.897829219415798,0.897829219415798,2150.05513573736,0.897829219415798,510.367457093543
"591",3250.75732421875,731186.1875,328.831873905429,9.90351486206055,671.344370860927,96.9143676757812,2,67.2902589176,10.19237,118.92717,289.8,9.2,114.733333333333,28.9,26.7,27.7583333333333,0,2308.34790039,1,2287.01049805,0.698140827540392,0.698140827540392,3275.85840539842,0.698140827540392,510.367457093543
"592",3051.42431640625,521868.9375,311.907013396375,9.50158786773682,662.596439169139,96.9407730102539,1,75.3004132241,10.1667140721776,118.916719282229,289.8,9.2,114.733333333333,28.9,26.7,27.7583333333333,0,2337.43505859,1,2290.2644043,0.504194793358805,0.504194793358805,4542.41978391506,0.504194793358805,510.367457093543
"593",2295.7568359375,7390.7919921875,2960.68158953722,20.0851268768311,746.671785028791,18.2957534790039,0,0.461261110498,39.23491,70.35998,109,6.1,55.1416666666667,21.7,-2.8,9.81666666666667,0,1586.29528809,1,1860.84680176,0.424696973358058,0.424696973358058,4381.58715153154,0.424696973358058,-50.2755053373139
"594",1735.27758789062,1800.59338378906,1152.02443729904,0.500877320766449,232.448780487805,283.136871337891,0,33.071015494,0.03731,34.06772,261.875,25.775,113.497916666667,24.975,22.05,23.0958333333333,0,3587.6652832,1,3303.57983398,0.436048839502608,0.436048839502608,7576.16930651238,0.436048839502608,656.710807543371
"595",1190.88586425781,1782.04296875,1563.06841432225,1.30632877349854,82.4735576923077,90.4302291870117,0,1.49729364336,-1.4563,36.97826,285.85,2.075,88.1104166666667,20.45,16.9,18.9229166666667,9.02433090024,2167.43237305,1,1821.00866699,0.334966497909481,0.334966497909481,5436.39044010334,0.334966497909481,1499.79006498732
"596",2080.10913085938,4108.2685546875,1553.79679487179,1.79761755466461,642.924757281553,35.9678611755371,2,13.0008151133,-1.41667,34.91667,228.833333333333,7.13333333333333,109.008333333333,21.5666666666667,18.7666666666667,19.8777777777778,0,3016.37011719,1,2937.06860352,0.427963386324993,0.427963386324993,6862.89691447952,0.427963386324993,1359.9345206908
"597",1602.10900878906,2059.66650390625,946.544630071599,2.5589816570282,18.2536231884058,1527.35876464844,0,3.03810471406,42.81985,74.59398,139.2,14.3,50.875,19.8,-8.3,7.15833333333333,32.1131386861,2640.96655273,1,2604.44848633,0.697083899005091,0.697083899005091,3736.20519717524,0.697083899005091,-1711.33255581398
"598",1124.90100097656,1773.40979003906,457.493268053856,3.80129623413086,124.699300699301,34.608959197998,1,11.2795832144,18.36341,-100.30976,253.9,0,94.4916666666667,29.7,23.9,25.6666666666667,6.57931034483,3943.37011719,1,3109.14355469,0.702411173059824,0.702411173059824,4426.38681435837,0.702411173059824,1499.79006498732
"599",1376.12719726562,634.386962890625,203.539375,3.13123178482056,270.962441314554,12.7849922180176,2,71.6446505954,13.7417,-84.78653,234.5,16,124.591666666667,26.9,24.6,25.95,0.710526315789,2958.84057617,1,2409.64624023,0.312925721703739,0.312925721703739,7700.37767145049,0.312925721703739,1499.79006498732
"600",3020.71362304688,474.643249511719,467.91239048811,4.80071783065796,232.10141509434,46.7825317382812,0,49.6984027829,12.58333,-85.41667,259.033333333333,13.5333333333333,102.397222222222,27.0333333333333,25.2,26.025,0,2695.96264648,1,2558.54736328,0.360197284836586,0.360197284836586,7103.1833691938,0.360197284836586,455.33774214476
"601",2082066.625,7494.5625,68.8474358974359,2.3020179271698,1734.57894736842,12.956579208374,0,41.4596331786,7.503,134.621,NA,NA,NA,NA,NA,NA,0.688405797101,1467.18835449,1,1224.35705566,NA,NA,NA,NA,-323.007500426491
"602",2649.81591796875,5935.8974609375,505.190031152648,5.64676713943481,629.087058823529,13.8819303512573,2,89.8959409892,13.80741,-85.24429,261.5,25.1,136.875,26,23.6,24.85,0,3087.05493164,1,2770.29736328,0.342277796443961,0.342277796443961,8093.71040734033,0.342277796443961,455.33774214476
"603",1816.576171875,6467.314453125,-29.5131355932203,1.11196410655975,376.397435897436,0.308713972568512,0,0,-49.5754809328511,-68.3552246093736,89.45,3.65,28.9625,15,-0.15,7.73333333333333,0,977.947509766,1,847.557434082,0.952463873452531,0.952463873452531,889.85782842318,0.952463873452531,-984.986091293444
"604",NA,NA,NA,NA,NA,NA,0,0,0,0,NA,NA,NA,NA,NA,NA,0,439.042755127,1,540.616577148,NA,NA,NA,NA,-413.168792826905
"605",2329.97045898438,875.9287109375,1079.90375,6.3568115234375,82.8962264150943,83.5976257324219,0,50.8026358994,13.1,-86,278.5,11.65,105.745833333333,20.7,18.45,19.6083333333333,2.53846153846,2701.09912109,1,2659.47998047,0.443870414789632,0.443870414789632,5991.56846650939,0.443870414789632,736.911623178566
"606",2034.73034667969,1013.35437011719,659.464375,7.43694829940796,197.195754716981,86.645751953125,1,57.1917822557,13.16667,-85.63333,385.2,21.6,159.933333333333,22.4,20.1,21.4083333333333,0.20979020979,2882.01123047,1,2838.69360352,0.337203743091546,0.337203743091546,8418.33360891647,0.337203743091546,736.911623178566
"607",3426.10546875,993.020263671875,792.970698254364,5.46548366546631,106.125,63.4772033691406,1,63.9124646997,13.33333,-86,278.5,11.65,105.745833333333,20.7,18.45,19.6083333333333,0.128205128205,2822.13452148,1,2774.26342773,0.409271105077241,0.409271105077241,6778.54701520259,0.409271105077241,736.911623178566
"608",1591.0419921875,808.38623046875,995.75625,5.8545970916748,110.542452830189,94.690673828125,1,73.5558142798,13.2,-85.81666,385.2,21.6,159.933333333333,22.4,20.1,21.4083333333333,0.272727272727,2692.86987305,1,2612.44482422,0.344331356454274,0.344331356454274,7587.00819792148,0.344331356454274,736.911623178566
"609",10492.49609375,3235.59033203125,4.17056856187291,0.122437439858913,289.480519480519,68.4330444335938,1,1.79074777509,13.80556,-16.75722,NA,NA,NA,NA,NA,NA,0.0356294536817,1456.42431641,1,1546.5625,NA,NA,NA,NA,311.108272265378
"610",2356.36206054688,2925.99340820312,181.776241357637,0.925517022609711,483.888095238095,9.66011619567871,0,11.7172312329,12.55106,-11.67065,323.35,0,99.375,33.35,26.7,28.6333333333333,0,2947.37304688,1,2839.08666992,0.568636129358305,0.568636129358305,4992.80035745153,0.568636129358305,1674.927695825
"611",2229.24536132812,1066.64270019531,73.909541511772,0.197702348232269,319.749414519906,13.6516647338867,1,0.00575575104671,15.73191,-13.63393,92.9,0,18.7583333333333,35.3,24.7,30.5416666666667,0,1474.44665527,1,1640.01818848,0.18249444851832,0.18249444851832,8986.67439911392,0.18249444851832,-1017.78289668287
"612",1597.72351074219,3869.99853515625,7.1090387374462,0.225498721003532,242.049180327869,59.0551719665527,1,6.06295139358,13.86997,-16.4573,253.5,0,64.2666666666667,29.1,25.3,27.4916666666667,0.437352245863,2149.01757812,1,2010.76403809,0.176646357523948,0.176646357523948,11382.9917937447,0.176646357523948,-265.079282182688
"613",2015.04309082031,1069.5517578125,46.1837368094351,0.230742827057838,394.590588235294,6.95120906829834,2,0.0118480952943,15.1404,-14.5487,102,0,22.4541666666667,33.55,25.45,30.0666666666667,0,1710.98925781,1,1859.47460938,0.140663518749637,0.140663518749637,13219.3096398337,0.140663518749637,125.33828532595
"614",10637.181640625,3309.84545898438,4.15573770491803,0.121419094502926,306.364583333333,68.5447845458984,1,2.26866811864,13.82052,-16.7544,NA,NA,NA,NA,NA,NA,0.0704225352113,1499.18859863,1,1602.71582031,NA,NA,NA,NA,311.108272265378
"615",2548.7158203125,1197.86303710938,277.076585059636,3.1705174446106,501.171428571429,9.38788032531738,0,12.15319885,12.3816,-12.3248,382.1,0,118.025,32.2,25.9,27.9583333333333,0,2991.61962891,1,2822.08862305,0.503867838758445,0.503867838758445,5600.85086994987,0.503867838758445,125.33828532595
"616",2537.80908203125,331.354858398438,15.8178415470992,0.232169225811958,154.427895981087,185.632278442383,0,1.60850077975,14.40569,-16.85559,206.1,0,63.1,28.9,24.9,27.2,1.21327014218,2029.2166748,1,2114.03710938,0.22335755647151,0.22335755647151,9464.81123261059,0.22335755647151,-294.016061212178
"617",2258.86474609375,361.191070556641,42.9987593052109,0.124380543828011,139.672209026128,61.6276550292969,0,7.54297136499e-05,15.2722,-16.517,128.3,0,32.9125,28.6,24.25,27,0.481395348837,1688.9173584,1,1594.7442627,0.170042774469313,0.170042774469313,9378.48884009948,0.170042774469313,-294.016061212178
"618",2525.28735351562,1683.71911621094,64.1621287128713,0.118405193090439,270.796728971963,8.43046092987061,1,0.414652203531,14.51667,-13.5,220.775,0,57.5833333333333,34.2,26.2,29.8520833333333,0,2151.24536133,1,2283.49707031,0.278322552122314,0.278322552122314,8204.49889129529,0.278322552122314,311.108272265378
"619",1381.87084960938,1996.28430175781,56.6860174781523,0.603974997997284,238,5.09737253189087,3,12.2434682328,13.28333,-13.01667,224.1,0,62.525,34.45,27.35,29.975,0,2608.18041992,1,2950.59204102,0.276103060857831,0.276103060857831,10686.5604164356,0.276103060857831,1499.79006498732
"620",2210.75122070312,1381.88488769531,4.85784919653894,0.147221058607101,71.8888888888889,37.3553695678711,0,0.560868362054,16.334,-15.839,54.7,0,16.0333333333333,30.7,24,28.25,0.0495283018868,1561.98327637,1,1721.0078125,0.155215390387914,0.155215390387914,11087.8683370177,0.155215390387914,311.108272265378
"621",1309.70166015625,964.181030273438,23.2198852772467,0.307222008705139,136.963503649635,60.9435157775879,0,0.0830502565359,15.428,-16.7199,159,0,37.675,28.2,24,26.4666666666667,0,1540.89624023,1,1496.9552002,0.175618480391434,0.175618480391434,8523.9047557151,0.175618480391434,1499.79006498732
"622",1116.42236328125,1833.56408691406,3.57409713574097,0.171990871429443,132.438679245283,85.5261001586914,1,1.33184769216,14.11667,-16.43333,241.6,0,64.0583333333333,29.3,25.5,27.9625,0.531468531469,1559.42053223,1,1625.81115723,0.122735069071713,0.122735069071713,13246.5086753652,0.122735069071713,1499.79006498732
"623",1959.28063964844,1404.85290527344,63.8669554455446,0.194528102874756,472.742990654206,8.51531600952148,2,0.026659822362,15.5,-14,98.7,0,21.1708333333333,34.5,24.9,30.1854166666667,0,1493.18200684,1,1663.72033691,0.15716484843644,0.15716484843644,10585.8298052114,0.15716484843644,125.33828532595
"624",NA,NA,NA,NA,NA,NA,0,0,0,0,NA,NA,NA,NA,NA,NA,0,439.042755127,1,540.616577148,NA,NA,NA,NA,-413.168792826905
"625",159529.4375,82878.6484375,208.499597747385,7.40302276611328,92.0611620795107,79.759880065918,0,4.88921040036,36.28012,32.3057,NA,NA,NA,NA,NA,NA,3.74302788845,2318.75341797,1,2784.2578125,NA,NA,NA,NA,1454.9772128247
"626",1939.25512695312,2613.95825195312,910.299163179916,5.5959644317627,169.763888888889,105.752700805664,0,3.93004699103,36.3529,33.40308,139.2,0.5,51.5333333333333,25.7,5.7,16.2083333333333,1.41351888668,2611.21044922,1,2864.06225586,0.494806216626493,0.494806216626493,5788.25034856414,0.494806216626493,1359.9345206908
"627",2526.60009765625,2546.39233398438,482.094251683066,7.47509288787842,175.749003984064,54.6862640380859,0,26.9461077023,36.97798,28.72418,327.1,2.5,89.5916666666667,26.7,6.9,16.7375,3.75882352941,3253.52929688,1,3554.28125,0.547292919455482,0.547292919455482,6494.29423193755,0.547292919455482,1454.9772128247
"628",48936.7890625,9227.8779296875,113.612403100775,1.16907572746277,13.7860962566845,79.759880065918,0,2.30468975342,36.90812,30.69556,367.5,4.7,61.05,27.5,6,16.8416666666667,36.2235528942,1798.1973877,1,1726.33374023,0.454592843255275,0.454592843255275,3797.53831553521,0.454592843255275,1454.9772128247
"629",2224.876953125,1759.59753417969,51.270887389725,1.1747487783432,18.1837944664032,105.752700805664,0,0.723109941872,36.91766,34.89277,100.9,12.9,49.2166666666667,24.6,0.3,13.225,16.0705882353,2769.67431641,1,3009.38183594,0.627791090761566,0.627791090761566,4793.60392370231,0.627791090761566,1359.9345206908
"630",1677.37585449219,3907.59301757812,1108.50205338809,7.88289165496826,210.447876447876,72.511116027832,0,28.0123513453,37.58791,36.36112,122.65,14.4,56.6208333333333,24.45,1.3,13.9708333333333,0.754901960784,3227.53051758,1,3353.04492188,0.497545236484203,0.497545236484203,6739.17601055448,0.497545236484203,782.520149047151
"631",2443.0458984375,8793.478515625,76.13375,0.696113884449005,569.736966824645,4.37699317932129,1,12.4954762386,13.00769,-12.91459,239.25,0,71.3041666666667,34.125,27.2,29.7604166666667,0,2646.36645508,1,2808.66577148,0.419530381479024,0.419530381479024,6694.7851585343,0.419530381479024,125.33828532595
"632",3125.48461914062,1720.57238769531,1549.86777920411,3.66505575180054,22.4987775061125,510.183135986328,0,58.1151793601,4.5994,-75.68536,349.6,27.2,147.791666666667,23.2,21.9,22.55,26.5397590361,1925.22937012,1,1834.41882324,0.405636106707867,0.405636106707867,4522.3262744732,0.405636106707867,736.911623178566
"633",1911.08227539062,1923.86474609375,1262.58962868118,3.07154154777527,45.6048780487805,432.178192138672,0,55.726887403,4.70745,-75.77781,349.6,27.2,147.791666666667,23.2,21.9,22.55,16.8381642512,2423.02954102,1,2116.38061523,0.436366289355546,0.436366289355546,4850.00942294514,0.436366289355546,736.911623178566
"634",2282.86108398438,404.462799072266,381.5325,5.54796648025513,238.054245283019,15.9769868850708,1,50.1071188765,12.91667,-85.25,302.25,18.45,130.779166666667,27.3,25.3,26.3166666666667,0.682983682984,2732.35986328,1,2545.91308594,0.288516180125702,0.288516180125702,8824.16051963112,0.288516180125702,455.33774214476
"635",1729.04211425781,2438.69018554688,310.667506297229,0.345689862966537,166.85141509434,125.529243469238,0,0.238762958471,12.2,-0.3,188.8,0,55.2833333333333,33.6,25.1,28.775,0.712589073634,1975.47167969,1,1796.35620117,0.372134322380962,0.372134322380962,4827.17151612538,0.372134322380962,656.710807543371
"636",1943.86962890625,347.495971679688,390.835,4.97959470748901,251.195754716981,22.755859375,1,52.4708382543,12.91667,-85.33333,302.25,18.45,130.779166666667,27.3,25.3,26.3166666666667,0.11655011655,2839.33129883,1,2612.74926758,0.305038949072059,0.305038949072059,8565.29723672368,0.305038949072059,455.33774214476
"637",1730.53588867188,2444.82397460938,407.804725503822,5.67024564743042,108.177248677249,66.0917816162109,2,76.8968310671,-23.7487,-46.0476,396.25,101.25,230.070833333333,24.35,16.45,20.9875,11.6049107143,1938.88769531,1,1658.35839844,0.233184101022916,0.233184101022916,7111.79875113795,0.233184101022916,-1231.34806325733
"638",2105.25927734375,3345.46459960938,1209.72744721689,5.12406778335571,147.277108433735,317.146423339844,0,55.9883089323,4.59342,-75.83758,349.6,27.2,147.791666666667,23.2,21.9,22.55,11.097799511,2960.42797852,1,2565.8269043,0.450208426462689,0.450208426462689,5699.19786810708,0.450208426462689,736.911623178566
"639",1732.34973144531,5621.3662109375,874.753762793498,2.80498433113098,117.434090909091,33.0990180969238,0,12.7017804154,-21.28083,-46.36111,284.5,0,103.041666666667,23.4,16.2,20.5916666666667,1.36091954023,3133.03588867,1,3236.64038086,0.702124540273112,0.702124540273112,4609.78102204064,0.702124540273112,736.911623178566
"640",1988.92565917969,2065.49487304688,420.536119402985,3.63758850097656,40.8050458715596,176.21809387207,0,23.0986263319,-22.14973,-43.26708,265.6,0,80.5833333333333,22.8,16,20.0166666666667,14.144469526,3722.37158203,1,3592.88061523,0.739591461625389,0.739591461625389,4857.92603302096,0.739591461625389,736.911623178566
"641",2383.47192382812,10422.572265625,615.172576832151,5.74570369720459,168.796420581655,391.540863037109,1,94.201329541,-23.9608438941533,-46.6477050781235,250.5,16.5,125.141666666667,23.8,15.3,20.2833333333333,8.49103139013,2071.56298828,1,1723.21435547,0.635267545517895,0.635267545517895,2712.58049876477,0.635267545517895,736.911623178566
"642",3045.1396484375,2670.94384765625,678.0765606596,7.1566481590271,84.8708240534521,733.597106933594,1,89.1574345264,-23.77671,-46.3036,444,137.9,278.216666666667,21.4,14.1,18.2083333333333,16.2841163311,2460.84790039,1,2246.12817383,0.294319792207312,0.294319792207312,7631.59064833764,0.294319792207312,736.911623178566
"643",2756.98999023438,2304.42895507812,1914.20403825717,5.47048759460449,257.202429149798,425.927368164062,0,0.0301778900847,34.82134,69.09213,51.5,0,20.25,25.7,-1.2,14.3,0,1480.29919434,1,1524.76416016,0.358995479868979,0.358995479868979,4247.30740542049,0.358995479868979,561.131954280022
"644",2548.2001953125,2322.662109375,1890.06176783813,5.43460893630981,248.238866396761,419.230895996094,0,0.0287630615379,34.84213,69.10138,51.5,0,20.25,25.7,-1.2,14.3,0,1515.45544434,1,1573.30224609,0.360551454592313,0.360551454592313,4363.59977487536,0.360551454592313,561.131954280022
"645",2918.03149414062,2224.84985351562,1365.95448717949,2.88464283943176,43.5364077669903,370.88916015625,0,61.9511102568,4.66667,-75.75,349.6,27.2,147.791666666667,23.2,21.9,22.55,15.4340527578,2283.13574219,1,2036.72216797,0.424013183157745,0.424013183157745,4803.44066852346,0.424013183157745,736.911623178566
"646",2093.01538085938,830.338439941406,403.419003115265,0.830044567584991,34.2165354330709,645.106018066406,0,0.0010327327091,36.70974,67.11682,48.8,0,18.0833333333333,32.4,2.6,19.1416666666667,7.66535433071,1208.14990234,1,1172.69299316,0.412740334909153,0.412740334909153,2841.23671464801,0.412740334909153,-766.608518041485
"647",3020.787109375,3090.59741210938,2326.88586666667,7.76896810531616,294.749490835031,271.952941894531,0,0.0461334312092,34.68616,69.00805,54.65,1,23.9,20.65,-6.05,9.33333333333333,0.10101010101,1304.39941406,1,1345.98840332,0.393461059424046,0.393461059424046,3420.89355752327,0.393461059424046,561.131954280022
"648",2300.80639648438,993.136352539062,2884.17491926803,9.41354751586914,370.49083503055,19.6097011566162,0,0.00164488732827,33.98624,66.03569,66.85,0.225,20.4979166666667,18.725,-8.75,6.4375,0,1084.91381836,1,1088.39709473,0.497502138849971,0.497502138849971,2187.72344827692,0.497502138849971,561.131954280022
"649",1583.69055175781,1372.51586914062,3063.53601694915,7.39124202728271,442.422535211268,37.2360382080078,0,0.0646285905332,34.79547,67.67298,38.5,0,8.53333333333333,15.9,-8.7,4.85,0,1016.35192871,1,1083.06835938,0.505356045982847,0.505356045982847,2143.17879045769,0.505356045982847,782.520149047151
"650",1870.64343261719,568.7939453125,2036.50412796698,10.298999786377,170.507843137255,67.4469146728516,0,0.00134647629694,37.21634,70.61348,111.1,0,36.7583333333333,17.5,-9.8,5,0.108695652174,1749.81542969,1,1789.07714844,0.55223672692072,0.55223672692072,3239.69243845102,0.55223672692072,-206.491477362047
"651",1732.13195800781,1081.34033203125,1940.70299145299,4.45097160339355,66.6383838383838,4911.80517578125,0,0.030578276872,34.49614,69.10549,52,0,19.9375,24.4,-4.15,12.425,10.3645621181,1218.86022949,1,1066.06750488,0.72865012666013,0.72865012666013,1463.07187204711,0.72865012666013,-206.491477362047
"652",2501.60791015625,2181.0693359375,1409.81037796284,3.40142035484314,15.6951219512195,750.719299316406,0,59.383461428,4.53307,-75.70438,348.05,32.7,146.5,21.7,20.1,20.8708333333333,28.8975609756,2027.42211914,1,1835.79931641,0.451671894982812,0.451671894982812,4064.45328301833,0.451671894982812,736.911623178566
"653",2065.87109375,1136.57751464844,493.970663265306,1.56094908714294,264,51.8787498474121,0,39.5565108009,7.83333,-8.33333,305,8,142.108333333333,26.5,23.6,24.8416666666667,0,3529.61865234,1,3398.91601562,0.482691133198853,0.482691133198853,7041.59613021057,0.482691133198853,933.324825317734
"654",3949.08618164062,507.407531738281,311.941772151899,4.5405330657959,71.0309523809524,39.0336227416992,0,21.5473472371,10.08333,-12.8,438.25,0,104.220833333333,29.25,25.35,27.3791666666667,1.75059952038,3359.99609375,1,2936.29467773,0.246160629218789,0.246160629218789,11928.3684277562,0.246160629218789,733.818069464537
"655",2350.70068359375,1083.62121582031,671.382036685642,4.24848461151123,333.903614457831,34.8362007141113,0,35.6159760017,10.459,-11.815,354.7,0,102.475,28.25,24.25,25.7083333333333,0,3428.94116211,1,3279.69335938,0.429248715052486,0.429248715052486,7640.54321974843,0.429248715052486,1674.927695825
"656",1671.00256347656,523.90673828125,409.588980367321,0.963505446910858,190.681710213777,16.9927997589111,1,17.1099987023,10.271,-9.178,302.9,0,111.558333333333,29.6,24,26.4083333333333,0,2989.84204102,1,2884.6328125,0.405238647311453,0.405238647311453,7118.35564460111,0.405238647311453,1378.36626503816
"657",1139.16931152344,543.999572753906,458.162746344565,0.839895665645599,227.538834951456,87.3614273071289,0,49.322179871,7.945,-8.783,294.05,8.95,140.183333333333,25.8,22.7,24.0541666666667,0,3918.44091797,1,3764.37011719,0.543994358820077,0.543994358820077,6919.86976731692,0.543994358820077,1499.79006498732
"658",2721.81811523438,612.500915527344,832.820153061224,3.92533588409424,476.629807692308,15.8506898880005,0,19.6663956633,8.91667,-8.41667,262.533333333333,3.66666666666667,113.752777777778,27.3333333333333,23,24.925,0,2833.26416016,1,2593.91455078,0.430044545739731,0.430044545739731,6031.73456442318,0.430044545739731,1674.927695825
"659",2094.95141601562,653.546752929688,365.338161209068,1.14860796928406,138.497641509434,18.3291702270508,0,12.6495043631,11.66667,-9.5,316.05,0,88.5166666666667,30.55,23.6,26.6791666666667,0,2716.85766602,1,2525.77978516,0.396857852381359,0.396857852381359,6364.444523408,0.396857852381359,933.324825317734
"660",1869.44812011719,266.741882324219,1002.68227848101,4.53507471084595,195.592857142857,43.7334938049316,0,29.9599843556,10.75,-12.3,462.2,0,120.358333333333,23.7,20.1,21.3666666666667,0.203836930456,3141.84741211,1,2762.60742188,0.423304841029603,0.423304841029603,6526.28355291312,0.423304841029603,736.911623178566
"661",1128.96044921875,266.335479736328,514.112882653061,0.934390962123871,134.057692307692,26.8885707855225,0,42.9732537316,9.25,-9.91667,279.65,11.15,141.3375,28.1,24.4,25.9916666666667,0,3427.55615234,1,3106.14086914,0.466114996537647,0.466114996537647,6663.89387214047,0.466114996537647,1499.79006498732
"662",1339.59338378906,1111.62719726562,1009.44615384615,3.59105610847473,57.8082524271845,366.602996826172,0,29.4003859153,4.7,-75.91667,333.65,13.6,129.6625,21.05,19.75,20.4666666666667,15.6043165468,3301.99047852,1,2751.19921875,0.558698582179654,0.558698582179654,4924.29962506211,0.558698582179654,1499.79006498732
"663",2139.59350585938,3934.56494140625,1190.91602564103,2.26359057426453,84.1092233009709,598.963500976562,0,53.9713193954,4.5,-75.8,348.05,32.7,146.5,21.7,20.1,20.8708333333333,16.6163069544,2874.76660156,1,2406.84301758,0.520098828314165,0.520098828314165,4627.66475629541,0.520098828314165,736.911623178566
"664",1448.001953125,2917.55297851562,1164.33717948718,2.20264363288879,59.0873786407767,537.757690429688,0,50.4083609191,4.45,-75.8,348.05,32.7,146.5,21.7,20.1,20.8708333333333,13.6570743405,2778.98754883,1,2272.55786133,0.498903417581545,0.498903417581545,4555.10582057409,0.498903417581545,736.911623178566
"665",2100.70751953125,10180.8916015625,1496.9583081571,11.0473976135254,1103.05034324943,16.6565570831299,0,24.8656841069,-19.7895379756193,33.0812239819344,128.6,7.4,65.2958333333333,23.6,15.65,20.3458333333333,0,3554.47290039,1,3684.64697266,0.586676542906186,0.586676542906186,6280.54251906438,0.586676542906186,2103.66200684521
"666",39338.3203125,312.363830566406,203.945945945946,4.04230737686157,122.835380835381,81.1422576904297,0,45.1733340388,10,-84.66667,347.5,9.3,176.891666666667,20.5,18.3,19.1083333333333,14.8465227818,2595.63671875,1,1932.92858887,0.640526305926045,0.640526305926045,3017.71928956994,0.640526305926045,736.911623178566
"667",1474.46520996094,1501.67236328125,27.9202813599062,0.623798549175262,267.26872246696,28.376350402832,1,11.4263069604,-26.85722,32.88444,99.8,0,27.7666666666667,27.4,20,23.7666666666667,0.40522875817,1622.19470215,1,1091.94067383,0.444573806677042,0.444573806677042,2456.15161628997,0.444573806677042,-984.986091293444
"668",13444.818359375,22753.314453125,21.3939393939394,1.17805516719818,458.35,10.5903787612915,0,1.62811636238,-21.66572,35.46593,71.6,0,25.6083333333333,28.8,22.3,25.8416666666667,0.401360544218,817.768432617,1,724.759887695,0.347321804863014,0.347321804863014,2086.71001229206,0.347321804863014,-2072.56185922283
"669",1630.66247558594,5717.0537109375,20.6709154113557,0.677129030227661,345.006550218341,7.56401300430298,1,27.8069860153,-26.4632,32.77771,119.55,0,32.1166666666667,27.3,19.85,23.85,0,3660.40820312,1,2990.32885742,0.602051074295164,0.602051074295164,4966.90228635644,0.602051074295164,2103.66200684521
"670",2104.3388671875,4377.36474609375,41.5940488841658,1.2738448381424,308.885375494071,31.3094234466553,0,14.6131433064,-22.96599,35.55498,78.05,4.05,30.8875,28.2,22.05,25.4541666666667,0,2019.53552246,1,1256.06384277,0.402976989063612,0.402976989063612,3116.96170465883,0.402976989063612,-2072.56185922283
"671",1870.71801757812,24053.0078125,186.451860602481,0.44736385345459,782.268456375839,2.56612038612366,1,13.4337326445,-23.65481,32.1746,78.6,0,23.6,28,18.8,24.05,0,2649.41113281,1,2951.12231445,0.558513794304385,0.558513794304385,5283.88438127218,0.558513794304385,2103.66200684521
"672",1282.73571777344,9287.6591796875,98.1288598574822,0.141439512372017,558.553287981859,1.25083255767822,2,9.29318196685,-22.77618,32.79968,46.6,0,17.4666666666667,29.3,21.1,25.8833333333333,0,2491.59375,1,2780.59692383,0.389862291829781,0.389862291829781,7132.25408587103,0.389862291829781,1499.79006498732
"673",1116.89270019531,6388.9423828125,186.535846724351,1.15164816379547,198.47775175644,19.6180191040039,1,46.0195870148,-16.37361,37.94917,316.15,8.7,105.25,28.05,21.55,25.5833333333333,0,3166.74731445,1,3515.9206543,0.323626907608649,0.323626907608649,10864.1172029851,0.323626907608649,1499.79006498732
"674",2420.84936523438,11073.3955078125,144.143028846154,0.172245755791664,778.189931350114,3.2396137714386,1,16.6053156343,-21.62679,33.60992,71.6,0,17.35,27.5,22.6,25.125,0,2989.96899414,1,2593.32568359,0.509722507820859,0.509722507820859,5087.72056128512,0.509722507820859,2103.66200684521
"675",4879.8974609375,2288.48193359375,65.628349178911,1.13602721691132,210.638795986622,27.9973526000977,1,14.9742794078,-12.05911,40.47321,321.55,0,100.95,27.55,24.85,26.4541666666667,0,1962.38464355,1,1616.64599609,0.203452115073443,0.203452115073443,7946.07613445756,0.203452115073443,-323.007500426491
"676",1447.75256347656,17738.103515625,3.66320927394753,0.110791675746441,1135.19444444444,14.0933809280396,2,29.4008616299,-18.75958,35.95882,145.65,0.2,51.4583333333333,28.6,23.1,26.3416666666667,0,3706.33544922,1,3848.8737793,0.492599080689703,0.492599080689703,7813.40024815124,0.492599080689703,782.520149047151
"677",15198538,672.44384765625,113.66091954023,5.92621898651123,2054.24418604651,185.625595092773,0,0,-21.24842,-159.78516,353.5,73.5,164.566666666667,27.4,22,24.6666666666667,3.01366742597,958.58581543,1,792.627258301,0.178137690662008,0.178137690662008,4449.52022985918,0.178137690662008,-699.455121680202
"678",1925401.25,998182,177.668734491315,6.42086982727051,2825.17061611374,106.529693603516,0,0,6.924,158.162,NA,NA,NA,NA,NA,NA,3.37046004843,1631.77368164,1,1755.82788086,NA,NA,NA,NA,510.367457093543
"679",NA,NA,4.82222222222222,0.0833049565553665,3683.44444444444,1012.75,0,0,7.113,171.236,NA,NA,NA,NA,NA,NA,1.75669099757,585.999023438,1,635.813171387,NA,NA,NA,NA,510.367457093543
"680",15768914,454.044006347656,59.4133114215283,0.824501931667328,3605.07006369427,7.49442672729492,0,0,-19.03333,-169.86667,NA,NA,NA,NA,NA,NA,0.433566433566,1987.50756836,1,1682.77160645,NA,NA,NA,NA,-699.455121680202
"681",2082066.625,7494.5625,68.8474358974359,2.3020179271698,1734.57894736842,12.956579208374,0,41.4596331786,7.503,134.621,NA,NA,NA,NA,NA,NA,0.688405797101,1467.18835449,1,1224.35705566,NA,NA,NA,NA,-323.007500426491
"682",2577.85888671875,1920.431640625,481.621437422553,1.99910151958466,315.50234741784,102.645034790039,0,0.0010174191625,14.43333,6,139.175,0,32.2729166666667,34.825,21.625,28.80625,0.272727272727,1675.10644531,1,1460.63366699,0.261081863893697,0.261081863893697,5594.54281966027,0.261081863893697,-413.168792826905
"683",2285.271484375,3546.31811523438,372.828213166144,0.108850508928299,195.995249406176,139.347229003906,0,0.000235864227973,12.76512,9.27514,186.7,0,42.8583333333333,33.4,19.5,27.5833333333333,0.0591016548463,1867.69812012,1,1751.45959473,0.253559765090482,0.253559765090482,6907.48232119949,0.253559765090482,-475.644992620385
"684",2204.919921875,2275.21948242188,420.989361702128,0.205145120620728,167.387706855792,104.28759765625,0,0.00923253237212,13.27818,8.77109,175.9,0,39.575,33.7,19.7,27.9083333333333,0,1818.0703125,1,1676.29125977,0.232421869792889,0.232421869792889,7212.27852294512,0.232421869792889,-398.545008919675
"685",1304.58081054688,2833.90576171875,391.552285535379,0.120827063918114,210.152019002375,166.602035522461,0,0.0025540471641,12.76017,8.87595,200.9,0,46.375,33.3,19.3,27.3166666666667,0.0118203309693,2061.63574219,1,1810.7322998,0.287466338331924,0.287466338331924,6298.93680876553,0.287466338331924,1499.79006498732
"686",1579.61047363281,2322.55493164062,421.158452900811,0.277766019105911,184.504716981132,81.5543823242188,0,0,13.71783,7.75858,185,0,36.75,34.5,20.5,28.3333333333333,0,1728.73461914,1,1489.45117188,0.251644918162465,0.251644918162465,5918.86052281967,0.251644918162465,-413.168792826905
